OID,QID,text
ENTERTAINMENT_OPT_1469_000A,ENTERTAINMENT_6eea_0001,Tuberculosis
ENTERTAINMENT_OPT_1d57_000B,ENTERTAINMENT_6eea_0001,"Breast cancer"
ENTERTAINMENT_OPT_de8b_000C,ENTERTAINMENT_6eea_0001,Hepatitis
ENTERTAINMENT_OPT_a471_000D,ENTERTAINMENT_6eea_0001,Cirrhosis
ENTERTAINMENT_OPT_3daf_000A,ENTERTAINMENT_6c86_0002,Go
ENTERTAINMENT_OPT_25a4_000B,ENTERTAINMENT_6c86_0002,"Check It"
ENTERTAINMENT_OPT_d6b9_000C,ENTERTAINMENT_6c86_0002,OXO
ENTERTAINMENT_OPT_6c69_000D,ENTERTAINMENT_6c86_0002,"Tennis For Two"
ENTERTAINMENT_OPT_14db_000A,ENTERTAINMENT_04c4_0003,"Nutting Associates"
ENTERTAINMENT_OPT_8d76_000B,ENTERTAINMENT_04c4_0003,Nintendo
ENTERTAINMENT_OPT_fc65_000C,ENTERTAINMENT_04c4_0003,Sega
ENTERTAINMENT_OPT_5ce0_000D,ENTERTAINMENT_04c4_0003,Atari
ENTERTAINMENT_OPT_7b99_000A,ENTERTAINMENT_da6f_0004,False
ENTERTAINMENT_OPT_05ab_000B,ENTERTAINMENT_da6f_0004,True
ENTERTAINMENT_OPT_fc72_000A,ENTERTAINMENT_a1d3_0005,Cross
ENTERTAINMENT_OPT_833c_000B,ENTERTAINMENT_a1d3_0005,"Tic Tac Toe"
ENTERTAINMENT_OPT_ce80_000C,ENTERTAINMENT_a1d3_0005,Tetris
ENTERTAINMENT_OPT_e8c6_000D,ENTERTAINMENT_a1d3_0005,Microvision
ENTERTAINMENT_OPT_388f_000A,ENTERTAINMENT_f9df_0006,"An alien"
ENTERTAINMENT_OPT_8bdc_000B,ENTERTAINMENT_f9df_0006,"An anti-aircraft gun"
ENTERTAINMENT_OPT_690c_000C,ENTERTAINMENT_f9df_0006,"A movable laser cannon"
ENTERTAINMENT_OPT_37be_000D,ENTERTAINMENT_f9df_0006,"A cowboy"
ENTERTAINMENT_OPT_30a3_000A,ENTERTAINMENT_a689_0007,False
ENTERTAINMENT_OPT_64ac_000B,ENTERTAINMENT_a689_0007,True
ENTERTAINMENT_OPT_596f_000A,ENTERTAINMENT_0b97_0008,1953
ENTERTAINMENT_OPT_0fb9_000B,ENTERTAINMENT_0b97_0008,1985
ENTERTAINMENT_OPT_d492_000C,ENTERTAINMENT_0b97_0008,1983
ENTERTAINMENT_OPT_9c03_000D,ENTERTAINMENT_0b97_0008,1889
ENTERTAINMENT_OPT_4649_000A,ENTERTAINMENT_267c_0009,"Frames Per Second"
ENTERTAINMENT_OPT_3bad_000B,ENTERTAINMENT_267c_0009,"File Protocol System"
ENTERTAINMENT_OPT_c446_000C,ENTERTAINMENT_267c_0009,"Firing Per Second"
ENTERTAINMENT_OPT_03e7_000D,ENTERTAINMENT_267c_0009,"First Person Shooter"
ENTERTAINMENT_OPT_6916_000A,ENTERTAINMENT_d13d_0010,False
ENTERTAINMENT_OPT_0de1_000B,ENTERTAINMENT_d13d_0010,True
ENTERTAINMENT_OPT_5e8a_000A,ENTERTAINMENT_300f_0011,Microsoft
ENTERTAINMENT_OPT_f963_000B,ENTERTAINMENT_300f_0011,Valve
ENTERTAINMENT_OPT_669b_000C,ENTERTAINMENT_300f_0011,"id Software"
ENTERTAINMENT_OPT_6c81_000D,ENTERTAINMENT_300f_0011,Blizzard
ENTERTAINMENT_OPT_f1d1_000A,ENTERTAINMENT_439e_0012,"Teenage Mutant Ninja Turtles"
ENTERTAINMENT_OPT_623f_000B,ENTERTAINMENT_439e_0012,"Pre-teen Dirty Jean Kung-fu Kangaroos"
ENTERTAINMENT_OPT_5f17_000C,ENTERTAINMENT_439e_0012,"Adolescent Radioactive Blackbelt Hamsters"
ENTERTAINMENT_OPT_bea8_000D,ENTERTAINMENT_439e_0012,"Miami Mice"
ENTERTAINMENT_OPT_1379_000A,ENTERTAINMENT_4451_0013,"Mr. Fantastic"
ENTERTAINMENT_OPT_bcec_000B,ENTERTAINMENT_4451_0013,"Ant Man"
ENTERTAINMENT_OPT_81e7_000C,ENTERTAINMENT_4451_0013,"Iron Man"
ENTERTAINMENT_OPT_19b6_000D,ENTERTAINMENT_4451_0013,"The Hulk"
ENTERTAINMENT_OPT_75d2_000A,ENTERTAINMENT_d59e_0014,Superman
ENTERTAINMENT_OPT_89d5_000B,ENTERTAINMENT_d59e_0014,Spiderman
ENTERTAINMENT_OPT_7be7_000C,ENTERTAINMENT_d59e_0014,"The Thing"
ENTERTAINMENT_OPT_e1d2_000D,ENTERTAINMENT_d59e_0014,"Green Arrow"
ENTERTAINMENT_OPT_5ca2_000A,ENTERTAINMENT_b0fb_0015,"The Tick"
ENTERTAINMENT_OPT_5425_000B,ENTERTAINMENT_b0fb_0015,Thor
ENTERTAINMENT_OPT_1ae4_000C,ENTERTAINMENT_b0fb_0015,"The Shadow"
ENTERTAINMENT_OPT_5ebb_000D,ENTERTAINMENT_b0fb_0015,Darkman
ENTERTAINMENT_OPT_a467_000A,ENTERTAINMENT_4295_0016,"The Fantastic Four"
ENTERTAINMENT_OPT_d028_000B,ENTERTAINMENT_4295_0016,"The X-Men"
ENTERTAINMENT_OPT_86f0_000C,ENTERTAINMENT_4295_0016,"Power Pack"
ENTERTAINMENT_OPT_d1a9_000D,ENTERTAINMENT_4295_0016,"The Avengers"
ENTERTAINMENT_OPT_cbe5_000A,ENTERTAINMENT_653c_0017,"The Crow"
ENTERTAINMENT_OPT_0105_000B,ENTERTAINMENT_653c_0017,"The Punisher"
ENTERTAINMENT_OPT_3ffb_000C,ENTERTAINMENT_653c_0017,"Judge Dredd"
ENTERTAINMENT_OPT_b650_000D,ENTERTAINMENT_653c_0017,"The Scourge"
ENTERTAINMENT_OPT_5278_000A,ENTERTAINMENT_0eea_0018,"V (For Vendetta)"
ENTERTAINMENT_OPT_ce10_000B,ENTERTAINMENT_0eea_0018,Batman
ENTERTAINMENT_OPT_9543_000C,ENTERTAINMENT_0eea_0018,"The Hulk"
ENTERTAINMENT_OPT_7936_000D,ENTERTAINMENT_0eea_0018,Spawn
ENTERTAINMENT_OPT_675f_000A,ENTERTAINMENT_b480_0019,"Beast Boy"
ENTERTAINMENT_OPT_486c_000B,ENTERTAINMENT_b480_0019,Cyborg
ENTERTAINMENT_OPT_c1cf_000C,ENTERTAINMENT_b480_0019,Raven
ENTERTAINMENT_OPT_7503_000D,ENTERTAINMENT_b480_0019,Nightwing
ENTERTAINMENT_OPT_b1d7_000A,ENTERTAINMENT_3c35_0020,"They are both reporters by day"
ENTERTAINMENT_OPT_629d_000B,ENTERTAINMENT_3c35_0020,"They both grew up on a farm."
ENTERTAINMENT_OPT_8a2d_000C,ENTERTAINMENT_3c35_0020,"They both escaped from the phantom zone."
ENTERTAINMENT_OPT_7d05_000D,ENTERTAINMENT_3c35_0020,"They are both aliens."
ENTERTAINMENT_OPT_651f_000A,ENTERTAINMENT_ce04_0021,Batman
ENTERTAINMENT_OPT_3131_000B,ENTERTAINMENT_ce04_0021,"Captain America"
ENTERTAINMENT_OPT_f298_000C,ENTERTAINMENT_ce04_0021,"Captain Commando"
ENTERTAINMENT_OPT_c072_000D,ENTERTAINMENT_ce04_0021,Thor
ENTERTAINMENT_OPT_2a06_000A,ENTERTAINMENT_9348_0022,"Remy LeBeau"
ENTERTAINMENT_OPT_12ca_000B,ENTERTAINMENT_9348_0022,"Bobby LeBeau"
ENTERTAINMENT_OPT_fa3c_000C,ENTERTAINMENT_9348_0022,"Scott Summers"
ENTERTAINMENT_OPT_973d_000D,ENTERTAINMENT_9348_0022,"Alex Summers"
ENTERTAINMENT_OPT_d429_000A,ENTERTAINMENT_31ab_0023,Cyclops
ENTERTAINMENT_OPT_cadf_000B,ENTERTAINMENT_31ab_0023,"Mister Sinister"
ENTERTAINMENT_OPT_6dd3_000C,ENTERTAINMENT_31ab_0023,Havoc
ENTERTAINMENT_OPT_f757_000D,ENTERTAINMENT_31ab_0023,Cable
ENTERTAINMENT_OPT_d051_000A,ENTERTAINMENT_e43f_0024,Death
ENTERTAINMENT_OPT_8e26_000B,ENTERTAINMENT_e43f_0024,Famine
ENTERTAINMENT_OPT_fa25_000C,ENTERTAINMENT_e43f_0024,Pestilence
ENTERTAINMENT_OPT_8104_000D,ENTERTAINMENT_e43f_0024,War
ENTERTAINMENT_OPT_d057_000A,ENTERTAINMENT_c1b8_0025,Juggarnaut
ENTERTAINMENT_OPT_7017_000B,ENTERTAINMENT_c1b8_0025,Sabretooth
ENTERTAINMENT_OPT_aa85_000C,ENTERTAINMENT_c1b8_0025,Magneto
ENTERTAINMENT_OPT_181f_000D,ENTERTAINMENT_c1b8_0025,"Lady Deathstrike"
ENTERTAINMENT_OPT_9b56_000A,ENTERTAINMENT_7b4b_0026,"Charles Xavier"
ENTERTAINMENT_OPT_4cb8_000B,ENTERTAINMENT_7b4b_0026,Gambit
ENTERTAINMENT_OPT_ee37_000C,ENTERTAINMENT_7b4b_0026,Juggernaut
ENTERTAINMENT_OPT_fd1f_000D,ENTERTAINMENT_7b4b_0026,Storm
ENTERTAINMENT_OPT_2510_000A,ENTERTAINMENT_4f61_0027,Storm
ENTERTAINMENT_OPT_dac8_000B,ENTERTAINMENT_4f61_0027,Polaris
ENTERTAINMENT_OPT_bcb0_000C,ENTERTAINMENT_4f61_0027,"Jean Grey"
ENTERTAINMENT_OPT_3534_000D,ENTERTAINMENT_4f61_0027,Jubilee
ENTERTAINMENT_OPT_702f_000A,ENTERTAINMENT_6bd2_0028,Magneto
ENTERTAINMENT_OPT_a96e_000B,ENTERTAINMENT_6bd2_0028,Apocalypse
ENTERTAINMENT_OPT_eb89_000C,ENTERTAINMENT_6bd2_0028,"Charles Xavier"
ENTERTAINMENT_OPT_2e1b_000D,ENTERTAINMENT_6bd2_0028,Cyclops
ENTERTAINMENT_OPT_f0f2_000A,ENTERTAINMENT_a60e_0029,Germany
ENTERTAINMENT_OPT_8c04_000B,ENTERTAINMENT_a60e_0029,Russia
ENTERTAINMENT_OPT_98bf_000C,ENTERTAINMENT_a60e_0029,"The United States"
ENTERTAINMENT_OPT_7667_000D,ENTERTAINMENT_a60e_0029,Japan
ENTERTAINMENT_OPT_43dc_000A,ENTERTAINMENT_258e_0030,"Victor Creed"
ENTERTAINMENT_OPT_560c_000B,ENTERTAINMENT_258e_0030,"James Howlett"
ENTERTAINMENT_OPT_58f0_000C,ENTERTAINMENT_258e_0030,"Mikhail Rasputin"
ENTERTAINMENT_OPT_54b6_000D,ENTERTAINMENT_258e_0030,Logan
ENTERTAINMENT_OPT_e64d_000A,ENTERTAINMENT_cb8f_0031,"Emma Frost"
ENTERTAINMENT_OPT_d772_000B,ENTERTAINMENT_cb8f_0031,"Jean Grey"
ENTERTAINMENT_OPT_ea38_000C,ENTERTAINMENT_cb8f_0031,Calypso
ENTERTAINMENT_OPT_f7f7_000D,ENTERTAINMENT_cb8f_0031,Phoenix
ENTERTAINMENT_OPT_3456_000A,ENTERTAINMENT_edd8_0032,"July 6, 1920"
ENTERTAINMENT_OPT_8ae1_000B,ENTERTAINMENT_edd8_0032,"July 4, 1919"
ENTERTAINMENT_OPT_cd88_000C,ENTERTAINMENT_edd8_0032,"September 5, 1925"
ENTERTAINMENT_OPT_4450_000D,ENTERTAINMENT_edd8_0032,"September 7, 1921"
ENTERTAINMENT_OPT_1fbb_000A,ENTERTAINMENT_6c6c_0033,"Blowing bubbles through a straw"
ENTERTAINMENT_OPT_f896_000B,ENTERTAINMENT_6c6c_0033,Self-defense
ENTERTAINMENT_OPT_e63b_000C,ENTERTAINMENT_6c6c_0033,"Gymnastic moves"
ENTERTAINMENT_OPT_93f1_000D,ENTERTAINMENT_6c6c_0033,"Packing a suitcase"
ENTERTAINMENT_OPT_b8ad_000A,ENTERTAINMENT_07e5_0034,"Marion Bergeron"
ENTERTAINMENT_OPT_cb03_000B,ENTERTAINMENT_07e5_0034,"Norma Smallwood"
ENTERTAINMENT_OPT_3016_000C,ENTERTAINMENT_07e5_0034,"Bess Myerson"
ENTERTAINMENT_OPT_64c0_000D,ENTERTAINMENT_07e5_0034,"Marilyn Buferd"
ENTERTAINMENT_OPT_bf56_000A,ENTERTAINMENT_4d8c_0035,True
ENTERTAINMENT_OPT_ff58_000B,ENTERTAINMENT_4d8c_0035,False
ENTERTAINMENT_OPT_7af0_000A,ENTERTAINMENT_9f2a_0036,2
ENTERTAINMENT_OPT_ff5f_000B,ENTERTAINMENT_9f2a_0036,6
ENTERTAINMENT_OPT_79ba_000C,ENTERTAINMENT_9f2a_0036,4
ENTERTAINMENT_OPT_34cc_000D,ENTERTAINMENT_9f2a_0036,0
ENTERTAINMENT_OPT_a70b_000A,ENTERTAINMENT_b7e8_0037,"Rebecca Ann King"
ENTERTAINMENT_OPT_ea58_000B,ENTERTAINMENT_b7e8_0037,"Phyllis Ann George"
ENTERTAINMENT_OPT_5994_000C,ENTERTAINMENT_b7e8_0037,"Cheryl Prewitt"
ENTERTAINMENT_OPT_e11a_000D,ENTERTAINMENT_b7e8_0037,"Heather Whitestone"
ENTERTAINMENT_OPT_43d0_000A,ENTERTAINMENT_f7df_0038,NBC
ENTERTAINMENT_OPT_d613_000B,ENTERTAINMENT_f7df_0038,CBS
ENTERTAINMENT_OPT_af62_000C,ENTERTAINMENT_f7df_0038,CMT
ENTERTAINMENT_OPT_223c_000D,ENTERTAINMENT_f7df_0038,USA
ENTERTAINMENT_OPT_f2a5_000A,ENTERTAINMENT_b10e_0039,1948
ENTERTAINMENT_OPT_72a0_000B,ENTERTAINMENT_b10e_0039,1952
ENTERTAINMENT_OPT_cb4c_000C,ENTERTAINMENT_b10e_0039,1954
ENTERTAINMENT_OPT_9a2d_000D,ENTERTAINMENT_b10e_0039,1950
ENTERTAINMENT_OPT_caf9_000A,ENTERTAINMENT_153f_0040,Sneaky
ENTERTAINMENT_OPT_a2af_000B,ENTERTAINMENT_153f_0040,Snookums
ENTERTAINMENT_OPT_9c98_000C,ENTERTAINMENT_153f_0040,Sniffy
ENTERTAINMENT_OPT_10eb_000D,ENTERTAINMENT_153f_0040,Sneakers
ENTERTAINMENT_OPT_54e8_000A,ENTERTAINMENT_b92f_0041,Pitcher
ENTERTAINMENT_OPT_6291_000B,ENTERTAINMENT_b92f_0041,Catcher
ENTERTAINMENT_OPT_5762_000C,ENTERTAINMENT_b92f_0041,"First base"
ENTERTAINMENT_OPT_b110_000D,ENTERTAINMENT_b92f_0041,"Short Stop"
ENTERTAINMENT_OPT_5c41_000A,ENTERTAINMENT_45c8_0042,1953
ENTERTAINMENT_OPT_4b59_000B,ENTERTAINMENT_45c8_0042,1958
ENTERTAINMENT_OPT_0fc3_000C,ENTERTAINMENT_45c8_0042,1956
ENTERTAINMENT_OPT_31a4_000D,ENTERTAINMENT_45c8_0042,1954
ENTERTAINMENT_OPT_56a3_000A,ENTERTAINMENT_d0ca_0043,1960
ENTERTAINMENT_OPT_ab27_000B,ENTERTAINMENT_d0ca_0043,1962
ENTERTAINMENT_OPT_767c_000C,ENTERTAINMENT_d0ca_0043,1958
ENTERTAINMENT_OPT_62b8_000D,ENTERTAINMENT_d0ca_0043,1956
ENTERTAINMENT_OPT_1fff_000A,ENTERTAINMENT_a554_0044,"Megafobia- Oakwood Leisure Park"
ENTERTAINMENT_OPT_2946_000B,ENTERTAINMENT_a554_0044,"Superman - Ride of Steel- Six Flags Darien Lake"
ENTERTAINMENT_OPT_3675_000C,ENTERTAINMENT_a554_0044,"Avalanche- Holiday World"
ENTERTAINMENT_OPT_ff5c_000D,ENTERTAINMENT_a554_0044,"Dania Beach Hurricane- Boomers"
ENTERTAINMENT_OPT_39e4_000A,ENTERTAINMENT_2d8d_0045,True
ENTERTAINMENT_OPT_e1b2_000B,ENTERTAINMENT_2d8d_0045,False
ENTERTAINMENT_OPT_3d98_000A,ENTERTAINMENT_4ce7_0046,"Kraken- 2000"
ENTERTAINMENT_OPT_9028_000B,ENTERTAINMENT_4ce7_0046,"Megafobia- 1996"
ENTERTAINMENT_OPT_8837_000C,ENTERTAINMENT_4ce7_0046,"Nitro- 2000"
ENTERTAINMENT_OPT_de35_000D,ENTERTAINMENT_4ce7_0046,"Ozark Wildcat- 2003"
ENTERTAINMENT_OPT_b8dc_000A,ENTERTAINMENT_78e7_0047,10th
ENTERTAINMENT_OPT_c3f3_000B,ENTERTAINMENT_78e7_0047,8th
ENTERTAINMENT_OPT_8b91_000C,ENTERTAINMENT_78e7_0047,12th
ENTERTAINMENT_OPT_85e3_000D,ENTERTAINMENT_78e7_0047,9th
ENTERTAINMENT_OPT_52f0_000A,ENTERTAINMENT_8b14_0048,"Shang Tsung"
ENTERTAINMENT_OPT_0367_000B,ENTERTAINMENT_8b14_0048,Goro
ENTERTAINMENT_OPT_a36a_000C,ENTERTAINMENT_8b14_0048,"Shao Kahn"
ENTERTAINMENT_OPT_9a7b_000D,ENTERTAINMENT_8b14_0048,"Kung Lao"
ENTERTAINMENT_OPT_78bd_000A,ENTERTAINMENT_f67b_0049,"He can fly."
ENTERTAINMENT_OPT_f7c9_000B,ENTERTAINMENT_f67b_0049,"He is a mute."
ENTERTAINMENT_OPT_1e35_000C,ENTERTAINMENT_f67b_0049,"He is blind."
ENTERTAINMENT_OPT_99c1_000D,ENTERTAINMENT_f67b_0049,"He is deaf."
ENTERTAINMENT_OPT_382d_000A,ENTERTAINMENT_a4dd_0050,"Going Camping"
ENTERTAINMENT_OPT_c4ec_000B,ENTERTAINMENT_a4dd_0050,"Going Sightseeing"
ENTERTAINMENT_OPT_def9_000C,ENTERTAINMENT_a4dd_0050,"Going to the Beach"
ENTERTAINMENT_OPT_2940_000D,ENTERTAINMENT_a4dd_0050,"Going Hiking"
ENTERTAINMENT_OPT_5778_000A,ENTERTAINMENT_3556_0051,False
ENTERTAINMENT_OPT_b2c5_000B,ENTERTAINMENT_3556_0051,True
ENTERTAINMENT_OPT_ffb9_000A,ENTERTAINMENT_8e81_0052,True
ENTERTAINMENT_OPT_3616_000B,ENTERTAINMENT_8e81_0052,False
ENTERTAINMENT_OPT_c1a6_000A,ENTERTAINMENT_2d65_0053,"Play Baseball"
ENTERTAINMENT_OPT_a8e8_000B,ENTERTAINMENT_2d65_0053,"None of these"
ENTERTAINMENT_OPT_f2e9_000C,ENTERTAINMENT_2d65_0053,"Play Hide-and-Seek"
ENTERTAINMENT_OPT_a9a5_000D,ENTERTAINMENT_2d65_0053,"Play Tag"
ENTERTAINMENT_OPT_9436_000A,ENTERTAINMENT_8baf_0054,"The Authoritative Calvin and Hobbes"
ENTERTAINMENT_OPT_45f7_000B,ENTERTAINMENT_8baf_0054,"The Indispensable Calvin and Hobbes"
ENTERTAINMENT_OPT_5c04_000C,ENTERTAINMENT_8baf_0054,"The Conclusive Calvin and Hobbes"
ENTERTAINMENT_OPT_2325_000D,ENTERTAINMENT_8baf_0054,"The Essential Calvin and Hobbes"
ENTERTAINMENT_OPT_838c_000A,ENTERTAINMENT_0abb_0055,Hamster
ENTERTAINMENT_OPT_3819_000B,ENTERTAINMENT_0abb_0055,Kablooie
ENTERTAINMENT_OPT_f055_000C,ENTERTAINMENT_0abb_0055,Huey
ENTERTAINMENT_OPT_81ea_000D,ENTERTAINMENT_0abb_0055,Louis
ENTERTAINMENT_OPT_2269_000A,ENTERTAINMENT_64cd_0056,"U.S Air"
ENTERTAINMENT_OPT_2293_000B,ENTERTAINMENT_64cd_0056,Delta
ENTERTAINMENT_OPT_93e7_000C,ENTERTAINMENT_64cd_0056,Southwest
ENTERTAINMENT_OPT_dd55_000D,ENTERTAINMENT_64cd_0056,Jetblue
ENTERTAINMENT_OPT_c107_000A,ENTERTAINMENT_2dfe_0057,True
ENTERTAINMENT_OPT_f822_000B,ENTERTAINMENT_2dfe_0057,False
ENTERTAINMENT_OPT_95c1_000A,ENTERTAINMENT_f2bb_0058,1965
ENTERTAINMENT_OPT_438b_000B,ENTERTAINMENT_f2bb_0058,1973
ENTERTAINMENT_OPT_6ff3_000C,ENTERTAINMENT_f2bb_0058,1968
ENTERTAINMENT_OPT_270d_000D,ENTERTAINMENT_f2bb_0058,1970
ENTERTAINMENT_OPT_c7fb_000A,ENTERTAINMENT_01b0_0059,"Beluga Whale"
ENTERTAINMENT_OPT_b229_000B,ENTERTAINMENT_01b0_0059,"Polar Bear"
ENTERTAINMENT_OPT_c02e_000C,ENTERTAINMENT_01b0_0059,Walrus
ENTERTAINMENT_OPT_0eed_000D,ENTERTAINMENT_01b0_0059,Penguin
ENTERTAINMENT_OPT_133c_000A,ENTERTAINMENT_9706_0060,Sharktastic!
ENTERTAINMENT_OPT_dda3_000B,ENTERTAINMENT_9706_0060,"Mission: Shark"
ENTERTAINMENT_OPT_d856_000C,ENTERTAINMENT_9706_0060,"Shark Adventure"
ENTERTAINMENT_OPT_7473_000D,ENTERTAINMENT_9706_0060,"Shark Encounter"
ENTERTAINMENT_OPT_e346_000A,ENTERTAINMENT_cc7d_0061,"The Lost City of Atlantis"
ENTERTAINMENT_OPT_4b67_000B,ENTERTAINMENT_cc7d_0061,"Atlantis the Lost Continent"
ENTERTAINMENT_OPT_126a_000C,ENTERTAINMENT_cc7d_0061,"Journey to Atlantis"
ENTERTAINMENT_OPT_d786_000D,ENTERTAINMENT_cc7d_0061,"Atlantis: The Lost World"
ENTERTAINMENT_OPT_3f33_000A,ENTERTAINMENT_f23c_0062,"Magic Kingdom, Epcot, Animal Kingdom, Disney Hollywood Studios"
ENTERTAINMENT_OPT_1581_000B,ENTERTAINMENT_f23c_0062,"Universal Studies, Animal Safari,  Epcot"
ENTERTAINMENT_OPT_8f05_000C,ENTERTAINMENT_f23c_0062,"Cedar Point, Holiday World, Magic Kingdom, Wilderness Park"
ENTERTAINMENT_OPT_6fc7_000D,ENTERTAINMENT_f23c_0062,"Walt Disney World, Sea World, Busch Gardens, Circus World"
ENTERTAINMENT_OPT_47a2_000A,ENTERTAINMENT_861f_0063,"25,000"
ENTERTAINMENT_OPT_eca2_000B,ENTERTAINMENT_861f_0063,"12,500"
ENTERTAINMENT_OPT_2cec_000C,ENTERTAINMENT_861f_0063,"11,950"
ENTERTAINMENT_OPT_07c3_000D,ENTERTAINMENT_861f_0063,"27,400"
ENTERTAINMENT_OPT_fbaf_000A,ENTERTAINMENT_07b8_0064,"Cinderellas Castle"
ENTERTAINMENT_OPT_4006_000B,ENTERTAINMENT_07b8_0064,"Cinderellas Stagecoach"
ENTERTAINMENT_OPT_9b8f_000C,ENTERTAINMENT_07b8_0064,"Spaceship Earth"
ENTERTAINMENT_OPT_a00e_000D,ENTERTAINMENT_07b8_0064,"The Tree of Life"
ENTERTAINMENT_OPT_edf1_000A,ENTERTAINMENT_ce04_0065,"Disney Friends"
ENTERTAINMENT_OPT_6866_000B,ENTERTAINMENT_ce04_0065,Directors
ENTERTAINMENT_OPT_b347_000C,ENTERTAINMENT_ce04_0065,"Mickey Mouse Helpers"
ENTERTAINMENT_OPT_36f6_000D,ENTERTAINMENT_ce04_0065,"Cast Members"
ENTERTAINMENT_OPT_55c8_000A,ENTERTAINMENT_6f46_0066,"There is a tree farm on the Disney property, so that when a tree in one of the parks dies, it can be replaced by another mature tree."
ENTERTAINMENT_OPT_2239_000B,ENTERTAINMENT_6f46_0066,"All of the above."
ENTERTAINMENT_OPT_d4fc_000C,ENTERTAINMENT_6f46_0066,"The streets of Disney are steam cleaned every night after the parks close."
ENTERTAINMENT_OPT_87dd_000D,ENTERTAINMENT_6f46_0066,"Gold leaf paint is used to paint the carousel horses."
ENTERTAINMENT_OPT_152a_000A,ENTERTAINMENT_f13a_0067,35
ENTERTAINMENT_OPT_3e98_000B,ENTERTAINMENT_f13a_0067,32
ENTERTAINMENT_OPT_8618_000C,ENTERTAINMENT_f13a_0067,17
ENTERTAINMENT_OPT_a47e_000D,ENTERTAINMENT_f13a_0067,24
ENTERTAINMENT_OPT_6c04_000A,ENTERTAINMENT_6963_0068,Morocco
ENTERTAINMENT_OPT_b3b3_000B,ENTERTAINMENT_6963_0068,Mexico
ENTERTAINMENT_OPT_e80e_000C,ENTERTAINMENT_6963_0068,France
ENTERTAINMENT_OPT_be7d_000D,ENTERTAINMENT_6963_0068,Spain
ENTERTAINMENT_OPT_9734_000A,ENTERTAINMENT_b6a5_0069,"Tales From the Crypt"
ENTERTAINMENT_OPT_e572_000B,ENTERTAINMENT_b6a5_0069,"The Alfred Hitchcock Show"
ENTERTAINMENT_OPT_7012_000C,ENTERTAINMENT_b6a5_0069,Goosebumps
ENTERTAINMENT_OPT_9987_000D,ENTERTAINMENT_b6a5_0069,"The Twilight Zone"
ENTERTAINMENT_OPT_df45_000A,ENTERTAINMENT_1426_0070,"The Tree of Life"
ENTERTAINMENT_OPT_23b6_000B,ENTERTAINMENT_1426_0070,"Habitat Habit"
ENTERTAINMENT_OPT_ae9b_000C,ENTERTAINMENT_1426_0070,"Silverback Gorillas"
ENTERTAINMENT_OPT_fde9_000D,ENTERTAINMENT_1426_0070,"Dinosaur Ride"
ENTERTAINMENT_OPT_a579_000A,ENTERTAINMENT_00bf_0071,Epcot
ENTERTAINMENT_OPT_67aa_000B,ENTERTAINMENT_00bf_0071,"Magic Kingdom"
ENTERTAINMENT_OPT_d09e_000C,ENTERTAINMENT_00bf_0071,"Animal Kingdom"
ENTERTAINMENT_OPT_106f_000D,ENTERTAINMENT_00bf_0071,"Hollywood Studios"
ENTERTAINMENT_OPT_9fc4_000A,ENTERTAINMENT_f64e_0072,Electrical
ENTERTAINMENT_OPT_10d7_000B,ENTERTAINMENT_f64e_0072,Chemical
ENTERTAINMENT_OPT_ee16_000C,ENTERTAINMENT_f64e_0072,Civil
ENTERTAINMENT_OPT_d4ae_000D,ENTERTAINMENT_f64e_0072,Mechanical
ENTERTAINMENT_OPT_49e1_000A,ENTERTAINMENT_438f_0073,Ratbert
ENTERTAINMENT_OPT_6aec_000B,ENTERTAINMENT_438f_0073,Dogbert
ENTERTAINMENT_OPT_d0d9_000C,ENTERTAINMENT_438f_0073,Catbert
ENTERTAINMENT_OPT_b2b2_000D,ENTERTAINMENT_438f_0073,"Bob the Dinosaur"
ENTERTAINMENT_OPT_3bff_000A,ENTERTAINMENT_b5f6_0074,synergy
ENTERTAINMENT_OPT_8a6c_000B,ENTERTAINMENT_b5f6_0074,splendsmartful
ENTERTAINMENT_OPT_d1fd_000C,ENTERTAINMENT_b5f6_0074,Induhvidual
ENTERTAINMENT_OPT_ba56_000D,ENTERTAINMENT_b5f6_0074,frooglepoopillion
ENTERTAINMENT_OPT_2dec_000A,ENTERTAINMENT_50b4_0075,False
ENTERTAINMENT_OPT_d0bf_000B,ENTERTAINMENT_50b4_0075,True
ENTERTAINMENT_OPT_66ef_000A,ENTERTAINMENT_c5bb_0076,"Ted, the Generic guy"
ENTERTAINMENT_OPT_f9b3_000B,ENTERTAINMENT_c5bb_0076,"Phil, Prince of Insufficient Light"
ENTERTAINMENT_OPT_cd28_000C,ENTERTAINMENT_c5bb_0076,"Yuri, the Elbonian"
ENTERTAINMENT_OPT_1c4a_000D,ENTERTAINMENT_c5bb_0076,"Techno Bill"
ENTERTAINMENT_OPT_e41b_000A,ENTERTAINMENT_4b28_0077,Asok
ENTERTAINMENT_OPT_4688_000B,ENTERTAINMENT_4b28_0077,Wally
ENTERTAINMENT_OPT_189f_000C,ENTERTAINMENT_4b28_0077,Carol
ENTERTAINMENT_OPT_78a2_000D,ENTERTAINMENT_4b28_0077,Alice
ENTERTAINMENT_OPT_7ae6_000A,ENTERTAINMENT_94d8_0078,Tina
ENTERTAINMENT_OPT_379c_000B,ENTERTAINMENT_94d8_0078,Alice
ENTERTAINMENT_OPT_d762_000C,ENTERTAINMENT_94d8_0078,Carol
ENTERTAINMENT_OPT_bcc3_000D,ENTERTAINMENT_94d8_0078,Liz
ENTERTAINMENT_OPT_2e57_000A,ENTERTAINMENT_feb0_0079,"John Cena"
ENTERTAINMENT_OPT_aba1_000B,ENTERTAINMENT_feb0_0079,"Triple H"
ENTERTAINMENT_OPT_811f_000C,ENTERTAINMENT_feb0_0079,Edge
ENTERTAINMENT_OPT_a8e9_000D,ENTERTAINMENT_feb0_0079,"Randy Orton"
ENTERTAINMENT_OPT_3500_000A,ENTERTAINMENT_6e14_0080,False
ENTERTAINMENT_OPT_ba72_000B,ENTERTAINMENT_6e14_0080,True
ENTERTAINMENT_OPT_5a1b_000A,ENTERTAINMENT_a50c_0081,"The Undertaker"
ENTERTAINMENT_OPT_d6df_000B,ENTERTAINMENT_a50c_0081,"Jeff Hardy"
ENTERTAINMENT_OPT_ab9f_000C,ENTERTAINMENT_a50c_0081,"John Cena"
ENTERTAINMENT_OPT_764a_000D,ENTERTAINMENT_a50c_0081,Edge
ENTERTAINMENT_OPT_2693_000A,ENTERTAINMENT_15ee_0082,"Sweet Chin Music"
ENTERTAINMENT_OPT_41f8_000B,ENTERTAINMENT_15ee_0082,"Swing Chin Music"
ENTERTAINMENT_OPT_e90b_000C,ENTERTAINMENT_15ee_0082,"Warming up the Band"
ENTERTAINMENT_OPT_9b43_000D,ENTERTAINMENT_15ee_0082,"Sweet Cheyenne Music"
ENTERTAINMENT_OPT_56c4_000A,ENTERTAINMENT_45d0_0083,"the Spoke"
ENTERTAINMENT_OPT_8746_000B,ENTERTAINMENT_45d0_0083,"the Poke"
ENTERTAINMENT_OPT_2745_000C,ENTERTAINMENT_45d0_0083,"the Spear"
ENTERTAINMENT_OPT_1dd4_000D,ENTERTAINMENT_45d0_0083,"the Spike"
ENTERTAINMENT_OPT_2de6_000A,ENTERTAINMENT_99d7_0084,"Chris Jericho"
ENTERTAINMENT_OPT_fe7c_000B,ENTERTAINMENT_99d7_0084,"Matt Hardy"
ENTERTAINMENT_OPT_d376_000C,ENTERTAINMENT_99d7_0084,"Jeff Hardy"
ENTERTAINMENT_OPT_861c_000D,ENTERTAINMENT_99d7_0084,"CM Punk"
ENTERTAINMENT_OPT_a39b_000A,ENTERTAINMENT_4bcf_0085,Panther
ENTERTAINMENT_OPT_9804_000B,ENTERTAINMENT_4bcf_0085,"the Legend Killer"
ENTERTAINMENT_OPT_c949_000C,ENTERTAINMENT_4bcf_0085,RKO
ENTERTAINMENT_OPT_64d0_000D,ENTERTAINMENT_4bcf_0085,TKO
ENTERTAINMENT_OPT_86e9_000A,ENTERTAINMENT_e59d_0086,"Graveyard Smash"
ENTERTAINMENT_OPT_a94f_000B,ENTERTAINMENT_e59d_0086,"Death Wish"
ENTERTAINMENT_OPT_e9fd_000C,ENTERTAINMENT_e59d_0086,"Tombstone Pile Driver"
ENTERTAINMENT_OPT_acd9_000D,ENTERTAINMENT_e59d_0086,"Casket Drop"
ENTERTAINMENT_OPT_9df8_000A,ENTERTAINMENT_51c3_0087,"Chris Jericho"
ENTERTAINMENT_OPT_7586_000B,ENTERTAINMENT_51c3_0087,"Randy Orton"
ENTERTAINMENT_OPT_95d9_000C,ENTERTAINMENT_51c3_0087,"CM Punk"
ENTERTAINMENT_OPT_7f47_000D,ENTERTAINMENT_51c3_0087,"Santino Morales"
ENTERTAINMENT_OPT_0870_000A,ENTERTAINMENT_5a47_0088,"Rock All Night"
ENTERTAINMENT_OPT_918e_000B,ENTERTAINMENT_5a47_0088,"Cult of Your Personality"
ENTERTAINMENT_OPT_169b_000C,ENTERTAINMENT_5a47_0088,"Rage Against the Machine"
ENTERTAINMENT_OPT_a4d5_000D,ENTERTAINMENT_5a47_0088,"The Devil Went Down to Georgia"
ENTERTAINMENT_OPT_a2b2_000A,ENTERTAINMENT_3b2f_0089,False
ENTERTAINMENT_OPT_e115_000B,ENTERTAINMENT_3b2f_0089,True
ENTERTAINMENT_OPT_3ba1_000A,ENTERTAINMENT_9c8f_0090,32
ENTERTAINMENT_OPT_70b8_000B,ENTERTAINMENT_9c8f_0090,16
ENTERTAINMENT_OPT_8cd4_000C,ENTERTAINMENT_9c8f_0090,27
ENTERTAINMENT_OPT_d0d9_000D,ENTERTAINMENT_9c8f_0090,30
ENTERTAINMENT_OPT_3c4f_000A,ENTERTAINMENT_8fb5_0091,AFI
ENTERTAINMENT_OPT_b585_000B,ENTERTAINMENT_8fb5_0091,Dragonforce
ENTERTAINMENT_OPT_c948_000C,ENTERTAINMENT_8fb5_0091,Korn
ENTERTAINMENT_OPT_f5af_000D,ENTERTAINMENT_8fb5_0091,"Guns N Roses"
ENTERTAINMENT_OPT_de1b_000A,ENTERTAINMENT_5d37_0092,False
ENTERTAINMENT_OPT_4cf9_000B,ENTERTAINMENT_5d37_0092,True
ENTERTAINMENT_OPT_14df_000A,ENTERTAINMENT_92be_0093,"Mississippi queen"
ENTERTAINMENT_OPT_2dc1_000B,ENTERTAINMENT_92be_0093,"Gorgeous lady"
ENTERTAINMENT_OPT_b742_000C,ENTERTAINMENT_92be_0093,"Dance queen"
ENTERTAINMENT_OPT_99d5_000D,ENTERTAINMENT_92be_0093,"Pretty woman"
ENTERTAINMENT_OPT_7d83_000A,ENTERTAINMENT_a80a_0094,True
ENTERTAINMENT_OPT_81ae_000B,ENTERTAINMENT_a80a_0094,False
ENTERTAINMENT_OPT_2171_000A,ENTERTAINMENT_dbfb_0095,Lou
ENTERTAINMENT_OPT_7c81_000B,ENTERTAINMENT_dbfb_0095,Slash
ENTERTAINMENT_OPT_4e30_000C,ENTERTAINMENT_dbfb_0095,Billy
ENTERTAINMENT_OPT_6c48_000D,ENTERTAINMENT_dbfb_0095,Bob
ENTERTAINMENT_OPT_411d_000A,ENTERTAINMENT_8cc7_0096,1968
ENTERTAINMENT_OPT_6aa9_000B,ENTERTAINMENT_8cc7_0096,1965
ENTERTAINMENT_OPT_6e68_000C,ENTERTAINMENT_8cc7_0096,1973
ENTERTAINMENT_OPT_e968_000D,ENTERTAINMENT_8cc7_0096,1970
ENTERTAINMENT_OPT_9520_000A,ENTERTAINMENT_8961_0097,False
ENTERTAINMENT_OPT_b821_000B,ENTERTAINMENT_8961_0097,True
ENTERTAINMENT_OPT_c934_000A,ENTERTAINMENT_1c34_0098,"1,900"
ENTERTAINMENT_OPT_b9db_000B,ENTERTAINMENT_1c34_0098,"2,400"
ENTERTAINMENT_OPT_2dc7_000C,ENTERTAINMENT_1c34_0098,"3,000"
ENTERTAINMENT_OPT_897f_000D,ENTERTAINMENT_1c34_0098,800
ENTERTAINMENT_OPT_1f27_000A,ENTERTAINMENT_0bcd_0099,32
ENTERTAINMENT_OPT_effd_000B,ENTERTAINMENT_0bcd_0099,58
ENTERTAINMENT_OPT_6205_000C,ENTERTAINMENT_0bcd_0099,120
ENTERTAINMENT_OPT_085f_000D,ENTERTAINMENT_0bcd_0099,84
ENTERTAINMENT_OPT_5147_000A,ENTERTAINMENT_9d7f_0100,9
ENTERTAINMENT_OPT_6177_000B,ENTERTAINMENT_9d7f_0100,13
ENTERTAINMENT_OPT_0f3f_000C,ENTERTAINMENT_9d7f_0100,24
ENTERTAINMENT_OPT_db25_000D,ENTERTAINMENT_9d7f_0100,20
ENTERTAINMENT_OPT_d261_000A,ENTERTAINMENT_58c7_0101,Beta
ENTERTAINMENT_OPT_649c_000B,ENTERTAINMENT_58c7_0101,Gamma
ENTERTAINMENT_OPT_2e80_000C,ENTERTAINMENT_58c7_0101,Delta
ENTERTAINMENT_OPT_4387_000D,ENTERTAINMENT_58c7_0101,Alpha
ENTERTAINMENT_OPT_9a69_000A,ENTERTAINMENT_2c56_0102,1965
ENTERTAINMENT_OPT_c9e9_000B,ENTERTAINMENT_2c56_0102,1960
ENTERTAINMENT_OPT_003b_000C,ENTERTAINMENT_2c56_0102,1971
ENTERTAINMENT_OPT_5695_000D,ENTERTAINMENT_2c56_0102,1962
ENTERTAINMENT_OPT_e185_000A,ENTERTAINMENT_b3c5_0103,1982
ENTERTAINMENT_OPT_b37b_000B,ENTERTAINMENT_b3c5_0103,1975
ENTERTAINMENT_OPT_9da8_000C,ENTERTAINMENT_b3c5_0103,1978
ENTERTAINMENT_OPT_cab7_000D,ENTERTAINMENT_b3c5_0103,1980
ENTERTAINMENT_OPT_437c_000A,ENTERTAINMENT_be51_0104,Spider-man
ENTERTAINMENT_OPT_3617_000B,ENTERTAINMENT_be51_0104,Thor
ENTERTAINMENT_OPT_5c63_000C,ENTERTAINMENT_be51_0104,"Captain America"
ENTERTAINMENT_OPT_e11a_000D,ENTERTAINMENT_be51_0104,Daredevil
ENTERTAINMENT_OPT_e51a_000A,ENTERTAINMENT_bf90_0105,"Steven Crane and Walt Ambroli"
ENTERTAINMENT_OPT_0a3a_000B,ENTERTAINMENT_bf90_0105,"Paul Norris and Mort Weisinger"
ENTERTAINMENT_OPT_83f2_000C,ENTERTAINMENT_bf90_0105,"John Hopkins and Mort Weisinger"
ENTERTAINMENT_OPT_0c9a_000D,ENTERTAINMENT_bf90_0105,"Paul Norris and Steven Crane"
ENTERTAINMENT_OPT_cc9d_000A,ENTERTAINMENT_94d3_0106,"More Fun Comics"
ENTERTAINMENT_OPT_3979_000B,ENTERTAINMENT_94d3_0106,"Marvel Comics"
ENTERTAINMENT_OPT_c7c4_000C,ENTERTAINMENT_94d3_0106,"DC Comics"
ENTERTAINMENT_OPT_f0d5_000D,ENTERTAINMENT_94d3_0106,"Action Comics"
ENTERTAINMENT_OPT_32ac_000A,ENTERTAINMENT_e960_0107,False
ENTERTAINMENT_OPT_38d3_000B,ENTERTAINMENT_e960_0107,True
ENTERTAINMENT_OPT_240d_000A,ENTERTAINMENT_a9bc_0108,No
ENTERTAINMENT_OPT_97ec_000B,ENTERTAINMENT_a9bc_0108,Yes
ENTERTAINMENT_OPT_4873_000A,ENTERTAINMENT_9241_0109,Mera
ENTERTAINMENT_OPT_e8b7_000B,ENTERTAINMENT_9241_0109,"Sea Queen"
ENTERTAINMENT_OPT_3a15_000C,ENTERTAINMENT_9241_0109,Aquatica
ENTERTAINMENT_OPT_db05_000D,ENTERTAINMENT_9241_0109,Madeline
ENTERTAINMENT_OPT_56ad_000A,ENTERTAINMENT_2612_0110,"Communicating with all forms of sea life."
ENTERTAINMENT_OPT_3466_000B,ENTERTAINMENT_2612_0110,"Breathing under water"
ENTERTAINMENT_OPT_e982_000C,ENTERTAINMENT_2612_0110,"Having complete control over water"
ENTERTAINMENT_OPT_39e5_000D,ENTERTAINMENT_2612_0110,"Super High Speed Swimming"
ENTERTAINMENT_OPT_156f_000A,ENTERTAINMENT_114c_0111,Forever
ENTERTAINMENT_OPT_ea3e_000B,ENTERTAINMENT_114c_0111,"One Hour"
ENTERTAINMENT_OPT_24c2_000C,ENTERTAINMENT_114c_0111,"Half an Hour"
ENTERTAINMENT_OPT_39b1_000D,ENTERTAINMENT_114c_0111,"2 Hours"
ENTERTAINMENT_OPT_4ef9_000A,ENTERTAINMENT_91e1_0112,True
ENTERTAINMENT_OPT_084f_000B,ENTERTAINMENT_91e1_0112,False
ENTERTAINMENT_OPT_a784_000A,ENTERTAINMENT_8df0_0113,Sarah
ENTERTAINMENT_OPT_546d_000B,ENTERTAINMENT_8df0_0113,Piage
ENTERTAINMENT_OPT_d5a8_000C,ENTERTAINMENT_8df0_0113,Page
ENTERTAINMENT_OPT_41a7_000D,ENTERTAINMENT_8df0_0113,Paige
ENTERTAINMENT_OPT_9f52_000A,ENTERTAINMENT_5d02_0114,Yes
ENTERTAINMENT_OPT_0cf5_000B,ENTERTAINMENT_5d02_0114,No
ENTERTAINMENT_OPT_66a7_000A,ENTERTAINMENT_41c8_0115,True
ENTERTAINMENT_OPT_826a_000B,ENTERTAINMENT_41c8_0115,False
ENTERTAINMENT_OPT_8812_000A,ENTERTAINMENT_97d7_0116,No
ENTERTAINMENT_OPT_f55e_000B,ENTERTAINMENT_97d7_0116,Yes
ENTERTAINMENT_OPT_f7f5_000A,ENTERTAINMENT_d41e_0117,Ashley
ENTERTAINMENT_OPT_e73d_000B,ENTERTAINMENT_d41e_0117,Sarah
ENTERTAINMENT_OPT_5f61_000C,ENTERTAINMENT_d41e_0117,Abbey
ENTERTAINMENT_OPT_2b72_000D,ENTERTAINMENT_d41e_0117,Denise
ENTERTAINMENT_OPT_ee92_000A,ENTERTAINMENT_8d37_0118,"A jock"
ENTERTAINMENT_OPT_9598_000B,ENTERTAINMENT_8d37_0118,"A nerd"
ENTERTAINMENT_OPT_c9f7_000C,ENTERTAINMENT_8d37_0118,"A sports addict"
ENTERTAINMENT_OPT_a482_000D,ENTERTAINMENT_8d37_0118,"A TV addict"
ENTERTAINMENT_OPT_4ac6_000A,ENTERTAINMENT_2018_0119,Yes
ENTERTAINMENT_OPT_9e11_000B,ENTERTAINMENT_2018_0119,No
ENTERTAINMENT_OPT_3759_000A,ENTERTAINMENT_5956_0120,"Poison Ivy"
ENTERTAINMENT_OPT_6e56_000B,ENTERTAINMENT_5956_0120,"The Penguin"
ENTERTAINMENT_OPT_8583_000C,ENTERTAINMENT_5956_0120,ManBat
ENTERTAINMENT_OPT_3579_000D,ENTERTAINMENT_5956_0120,"Killer Croc"
ENTERTAINMENT_OPT_12c0_000A,ENTERTAINMENT_4f11_0121,Clayface
ENTERTAINMENT_OPT_d531_000B,ENTERTAINMENT_4f11_0121,Bane
ENTERTAINMENT_OPT_4abf_000C,ENTERTAINMENT_4f11_0121,"Killer Croc"
ENTERTAINMENT_OPT_bcac_000D,ENTERTAINMENT_4f11_0121,"Ras Al Ghul"
ENTERTAINMENT_OPT_d136_000A,ENTERTAINMENT_8d77_0122,1940
ENTERTAINMENT_OPT_384f_000B,ENTERTAINMENT_8d77_0122,1950
ENTERTAINMENT_OPT_fbe2_000C,ENTERTAINMENT_8d77_0122,1941
ENTERTAINMENT_OPT_5e1e_000D,ENTERTAINMENT_8d77_0122,1951
ENTERTAINMENT_OPT_9f2a_000A,ENTERTAINMENT_3b69_0123,"Joe Shuster"
ENTERTAINMENT_OPT_5c11_000B,ENTERTAINMENT_3b69_0123,"Bob Kane"
ENTERTAINMENT_OPT_e559_000C,ENTERTAINMENT_3b69_0123,"Jack Kirby"
ENTERTAINMENT_OPT_bcdb_000D,ENTERTAINMENT_3b69_0123,"Jerry Siegel"
ENTERTAINMENT_OPT_3fe8_000A,ENTERTAINMENT_8a61_0124,Bat-Mite
ENTERTAINMENT_OPT_8387_000B,ENTERTAINMENT_8a61_0124,Bat-Dwarf
ENTERTAINMENT_OPT_cbaa_000C,ENTERTAINMENT_8a61_0124,"Mr Mxyztplk"
ENTERTAINMENT_OPT_9d4f_000D,ENTERTAINMENT_8a61_0124,"Martian Manhunter"
ENTERTAINMENT_OPT_9996_000A,ENTERTAINMENT_18e1_0125,Lucky
ENTERTAINMENT_OPT_8fce_000B,ENTERTAINMENT_18e1_0125,Champ
ENTERTAINMENT_OPT_b5a8_000C,ENTERTAINMENT_18e1_0125,Ace
ENTERTAINMENT_OPT_793b_000D,ENTERTAINMENT_18e1_0125,Burt
ENTERTAINMENT_OPT_d913_000A,ENTERTAINMENT_3def_0126,"Thomas  Martha"
ENTERTAINMENT_OPT_1ce1_000B,ENTERTAINMENT_3def_0126,"James  Elizabeth"
ENTERTAINMENT_OPT_4a7c_000C,ENTERTAINMENT_3def_0126,"Wayne  Alice"
ENTERTAINMENT_OPT_33a9_000D,ENTERTAINMENT_3def_0126,"George  Elaine"
ENTERTAINMENT_OPT_82f7_000A,ENTERTAINMENT_6e3d_0127,Alfred
ENTERTAINMENT_OPT_bb9a_000B,ENTERTAINMENT_6e3d_0127,Batwoman
ENTERTAINMENT_OPT_5ff3_000C,ENTERTAINMENT_6e3d_0127,"The Joker"
ENTERTAINMENT_OPT_c0dd_000D,ENTERTAINMENT_6e3d_0127,"Commissioner Gordon"
ENTERTAINMENT_OPT_f2ec_000A,ENTERTAINMENT_47a8_0128,"The Riddler"
ENTERTAINMENT_OPT_2062_000B,ENTERTAINMENT_47a8_0128,"Mr. Freeze"
ENTERTAINMENT_OPT_1bda_000C,ENTERTAINMENT_47a8_0128,"The Penguin"
ENTERTAINMENT_OPT_6e83_000D,ENTERTAINMENT_47a8_0128,Catwoman
ENTERTAINMENT_OPT_35ba_000A,ENTERTAINMENT_5403_0129,Chatsworth
ENTERTAINMENT_OPT_dc76_000B,ENTERTAINMENT_5403_0129,Chapman
ENTERTAINMENT_OPT_98f2_000C,ENTERTAINMENT_5403_0129,Beagle
ENTERTAINMENT_OPT_2d92_000D,ENTERTAINMENT_5403_0129,Windham
ENTERTAINMENT_OPT_4723_000A,ENTERTAINMENT_79f8_0130,1400
ENTERTAINMENT_OPT_7cbe_000B,ENTERTAINMENT_79f8_0130,1500
ENTERTAINMENT_OPT_c255_000C,ENTERTAINMENT_79f8_0130,1600
ENTERTAINMENT_OPT_606b_000D,ENTERTAINMENT_79f8_0130,1200
ENTERTAINMENT_OPT_9f00_000A,ENTERTAINMENT_bd7f_0131,"Maiev Shadowsong"
ENTERTAINMENT_OPT_a204_000B,ENTERTAINMENT_bd7f_0131,"Jeana Proudmoore"
ENTERTAINMENT_OPT_fd7f_000C,ENTERTAINMENT_bd7f_0131,"Tyrande Whisperwind"
ENTERTAINMENT_OPT_2c41_000D,ENTERTAINMENT_bd7f_0131,Naisha
ENTERTAINMENT_OPT_f94b_000A,ENTERTAINMENT_67d9_0132,Archimond
ENTERTAINMENT_OPT_b5a7_000B,ENTERTAINMENT_67d9_0132,"Death Prince Arthas"
ENTERTAINMENT_OPT_e773_000C,ENTERTAINMENT_67d9_0132,Tichondrius
ENTERTAINMENT_OPT_87f7_000D,ENTERTAINMENT_67d9_0132,Varimathras
ENTERTAINMENT_OPT_e8d1_000A,ENTERTAINMENT_3f97_0133,MoonWell
ENTERTAINMENT_OPT_2c8c_000B,ENTERTAINMENT_3f97_0133,"Well of Magic"
ENTERTAINMENT_OPT_0d77_000C,ENTERTAINMENT_3f97_0133,"Well of Eternity"
ENTERTAINMENT_OPT_ffa0_000D,ENTERTAINMENT_3f97_0133,"Well of Power"
ENTERTAINMENT_OPT_d3fb_000A,ENTERTAINMENT_a132_0134,"Muradin Bronzebeard"
ENTERTAINMENT_OPT_2bee_000B,ENTERTAINMENT_a132_0134,Knight
ENTERTAINMENT_OPT_2c6a_000C,ENTERTAINMENT_a132_0134,"Mountian Giant"
ENTERTAINMENT_OPT_8bfe_000D,ENTERTAINMENT_a132_0134,"Dwarf Rifleman"
ENTERTAINMENT_OPT_9b56_000A,ENTERTAINMENT_a151_0135,"Malfurion Stormrage"
ENTERTAINMENT_OPT_edad_000B,ENTERTAINMENT_a151_0135,"Cenarius Stormage"
ENTERTAINMENT_OPT_ace4_000C,ENTERTAINMENT_a151_0135,"Prince Arthas"
ENTERTAINMENT_OPT_13a0_000D,ENTERTAINMENT_a151_0135,"Illidan Stormrage"
ENTERTAINMENT_OPT_4b94_000A,ENTERTAINMENT_fa69_0136,Tichondrius
ENTERTAINMENT_OPT_36b8_000B,ENTERTAINMENT_fa69_0136,Kiljaeden
ENTERTAINMENT_OPT_1e90_000C,ENTERTAINMENT_fa69_0136,Sargeras
ENTERTAINMENT_OPT_44ad_000D,ENTERTAINMENT_fa69_0136,Archimond
ENTERTAINMENT_OPT_d328_000A,ENTERTAINMENT_6eee_0137,"Berkely Brethed"
ENTERTAINMENT_OPT_7daa_000B,ENTERTAINMENT_6eee_0137,"Simon Pimon"
ENTERTAINMENT_OPT_1ca7_000C,ENTERTAINMENT_6eee_0137,"Chris Claremont"
ENTERTAINMENT_OPT_40ef_000D,ENTERTAINMENT_6eee_0137,"Charle Schultz"
ENTERTAINMENT_OPT_fc32_000A,ENTERTAINMENT_0d58_0138,Sandoval
ENTERTAINMENT_OPT_e595_000B,ENTERTAINMENT_0d58_0138,Opus
ENTERTAINMENT_OPT_bcde_000C,ENTERTAINMENT_0d58_0138,"Big Bertha"
ENTERTAINMENT_OPT_b5b0_000D,ENTERTAINMENT_0d58_0138,Salmoneus
ENTERTAINMENT_OPT_f389_000A,ENTERTAINMENT_95d4_0139,True
ENTERTAINMENT_OPT_798f_000B,ENTERTAINMENT_95d4_0139,False
ENTERTAINMENT_OPT_51da_000A,ENTERTAINMENT_b71f_0140,"The Raiders"
ENTERTAINMENT_OPT_3c22_000B,ENTERTAINMENT_b71f_0140,Deathtongue
ENTERTAINMENT_OPT_9e95_000C,ENTERTAINMENT_b71f_0140,"Opus and the Orangeheads"
ENTERTAINMENT_OPT_b901_000D,ENTERTAINMENT_b71f_0140,"Billy and the Boingers"
ENTERTAINMENT_OPT_f1a9_000A,ENTERTAINMENT_3d0e_0141,"Nola Spinuzzi"
ENTERTAINMENT_OPT_09ef_000B,ENTERTAINMENT_3d0e_0141,"Lola Granola"
ENTERTAINMENT_OPT_9d11_000C,ENTERTAINMENT_3d0e_0141,"Rona Amonia"
ENTERTAINMENT_OPT_ec4e_000D,ENTERTAINMENT_3d0e_0141,"Ima Petunia"
ENTERTAINMENT_OPT_aa41_000A,ENTERTAINMENT_3af6_0142,True
ENTERTAINMENT_OPT_05c3_000B,ENTERTAINMENT_3af6_0142,False
ENTERTAINMENT_OPT_0c70_000A,ENTERTAINMENT_ee3a_0143,"Bobbie Simmons"
ENTERTAINMENT_OPT_3011_000B,ENTERTAINMENT_ee3a_0143,"Bobbie Harlowe"
ENTERTAINMENT_OPT_7981_000C,ENTERTAINMENT_ee3a_0143,"Bobbie Jo"
ENTERTAINMENT_OPT_16f6_000D,ENTERTAINMENT_ee3a_0143,"Bobbie Smith"
ENTERTAINMENT_OPT_4a84_000A,ENTERTAINMENT_0942_0144,True
ENTERTAINMENT_OPT_4b63_000B,ENTERTAINMENT_0942_0144,False
ENTERTAINMENT_OPT_7fef_000A,ENTERTAINMENT_4071_0145,"Oral Bill"
ENTERTAINMENT_OPT_c5d5_000B,ENTERTAINMENT_4071_0145,"Fundamentally mental Bill"
ENTERTAINMENT_OPT_b544_000C,ENTERTAINMENT_4071_0145,"Bill Roberts"
ENTERTAINMENT_OPT_95f1_000D,ENTERTAINMENT_4071_0145,"Fundamentally Oral Bill"
ENTERTAINMENT_OPT_807c_000A,ENTERTAINMENT_2fa3_0146,1969
ENTERTAINMENT_OPT_7ea9_000B,ENTERTAINMENT_2fa3_0146,1957
ENTERTAINMENT_OPT_f720_000C,ENTERTAINMENT_2fa3_0146,1963
ENTERTAINMENT_OPT_f8d3_000D,ENTERTAINMENT_2fa3_0146,1972
ENTERTAINMENT_OPT_5088_000A,ENTERTAINMENT_82ef_0147,"Pigeon Racing"
ENTERTAINMENT_OPT_a4d3_000B,ENTERTAINMENT_82ef_0147,Gambling
ENTERTAINMENT_OPT_8bf6_000C,ENTERTAINMENT_82ef_0147,Hunting
ENTERTAINMENT_OPT_f4a8_000D,ENTERTAINMENT_82ef_0147,Drinking
ENTERTAINMENT_OPT_8b34_000A,ENTERTAINMENT_3a85_0148,True
ENTERTAINMENT_OPT_4564_000B,ENTERTAINMENT_3a85_0148,False
ENTERTAINMENT_OPT_09aa_000A,ENTERTAINMENT_f4bb_0149,"The Smiths"
ENTERTAINMENT_OPT_a716_000B,ENTERTAINMENT_f4bb_0149,"The Ritsons"
ENTERTAINMENT_OPT_1e21_000C,ENTERTAINMENT_f4bb_0149,"The Blacks"
ENTERTAINMENT_OPT_f79e_000D,ENTERTAINMENT_f4bb_0149,"The Whites"
ENTERTAINMENT_OPT_a0ed_000A,ENTERTAINMENT_d81a_0150,Britain
ENTERTAINMENT_OPT_7dac_000B,ENTERTAINMENT_d81a_0150,Ireland
ENTERTAINMENT_OPT_c283_000C,ENTERTAINMENT_d81a_0150,America
ENTERTAINMENT_OPT_2c5e_000D,ENTERTAINMENT_d81a_0150,Canada
ENTERTAINMENT_OPT_4bc7_000A,ENTERTAINMENT_f603_0151,True
ENTERTAINMENT_OPT_40a6_000B,ENTERTAINMENT_f603_0151,False
ENTERTAINMENT_OPT_04fb_000A,ENTERTAINMENT_b872_0152,1959
ENTERTAINMENT_OPT_8ce9_000B,ENTERTAINMENT_b872_0152,1963
ENTERTAINMENT_OPT_39ff_000C,ENTERTAINMENT_b872_0152,1960
ENTERTAINMENT_OPT_2eb2_000D,ENTERTAINMENT_b872_0152,1971
ENTERTAINMENT_OPT_b29e_000A,ENTERTAINMENT_e49e_0153,"The Life of Jon Arbuckle"
ENTERTAINMENT_OPT_8570_000B,ENTERTAINMENT_e49e_0153,"Gnorm Gnat"
ENTERTAINMENT_OPT_c0e4_000C,ENTERTAINMENT_e49e_0153,"Farm Life"
ENTERTAINMENT_OPT_3397_000D,ENTERTAINMENT_e49e_0153,Garfield
ENTERTAINMENT_OPT_bf7d_000A,ENTERTAINMENT_5e5b_0154,1978
ENTERTAINMENT_OPT_933f_000B,ENTERTAINMENT_5e5b_0154,2000
ENTERTAINMENT_OPT_4c67_000C,ENTERTAINMENT_5e5b_0154,1952
ENTERTAINMENT_OPT_e239_000D,ENTERTAINMENT_5e5b_0154,1995
ENTERTAINMENT_OPT_dab6_000A,ENTERTAINMENT_d5ec_0155,No
ENTERTAINMENT_OPT_1493_000B,ENTERTAINMENT_d5ec_0155,Yes
ENTERTAINMENT_OPT_140d_000A,ENTERTAINMENT_6406_0156,Nermal
ENTERTAINMENT_OPT_a95b_000B,ENTERTAINMENT_6406_0156,Arlene
ENTERTAINMENT_OPT_a1e5_000C,ENTERTAINMENT_6406_0156,Liz
ENTERTAINMENT_OPT_c43b_000D,ENTERTAINMENT_6406_0156,Irma
ENTERTAINMENT_OPT_c100_000A,ENTERTAINMENT_7192_0157,Yes
ENTERTAINMENT_OPT_5046_000B,ENTERTAINMENT_7192_0157,No
ENTERTAINMENT_OPT_6e5d_000A,ENTERTAINMENT_eb09_0158,Odie
ENTERTAINMENT_OPT_78f3_000B,ENTERTAINMENT_eb09_0158,Jon
ENTERTAINMENT_OPT_30fd_000C,ENTERTAINMENT_eb09_0158,Fido
ENTERTAINMENT_OPT_bf1c_000D,ENTERTAINMENT_eb09_0158,Irma
ENTERTAINMENT_OPT_11b9_000A,ENTERTAINMENT_2a4d_0159,"Dr. Liz Wilson"
ENTERTAINMENT_OPT_9d03_000B,ENTERTAINMENT_2a4d_0159,"Jon Arbuckle"
ENTERTAINMENT_OPT_19a8_000C,ENTERTAINMENT_2a4d_0159,Clive
ENTERTAINMENT_OPT_0e4f_000D,ENTERTAINMENT_2a4d_0159,"Jim Davis"
ENTERTAINMENT_OPT_4997_000A,ENTERTAINMENT_949d_0160,cook
ENTERTAINMENT_OPT_81ed_000B,ENTERTAINMENT_949d_0160,waitress
ENTERTAINMENT_OPT_92aa_000C,ENTERTAINMENT_949d_0160,vet
ENTERTAINMENT_OPT_2978_000D,ENTERTAINMENT_949d_0160,"She is unemployed."
ENTERTAINMENT_OPT_9474_000A,ENTERTAINMENT_ea74_0161,"Liz Arbuckle"
ENTERTAINMENT_OPT_48c1_000B,ENTERTAINMENT_ea74_0161,"Liz Wilson"
ENTERTAINMENT_OPT_3c9e_000C,ENTERTAINMENT_ea74_0161,"Liz Davis"
ENTERTAINMENT_OPT_0dc0_000D,ENTERTAINMENT_ea74_0161,"Julie Payne"
ENTERTAINMENT_OPT_b116_000A,ENTERTAINMENT_d3f3_0162,"Circus of Maxentius"
ENTERTAINMENT_OPT_df34_000B,ENTERTAINMENT_d3f3_0162,"Circus Maximus"
ENTERTAINMENT_OPT_505c_000C,ENTERTAINMENT_d3f3_0162,"Circus Neronis"
ENTERTAINMENT_OPT_1083_000D,ENTERTAINMENT_d3f3_0162,"Circus Flaminius"
ENTERTAINMENT_OPT_f8ee_000A,ENTERTAINMENT_748d_0163,"Paul Fratellini"
ENTERTAINMENT_OPT_11ae_000B,ENTERTAINMENT_748d_0163,"Antonio Franconi"
ENTERTAINMENT_OPT_d6bf_000C,ENTERTAINMENT_748d_0163,"Pierrot Bidon"
ENTERTAINMENT_OPT_ff58_000D,ENTERTAINMENT_748d_0163,"Arthur Vercoe Pedlar"
ENTERTAINMENT_OPT_64d1_000A,ENTERTAINMENT_f468_0164,Pennsylvania
ENTERTAINMENT_OPT_c86f_000B,ENTERTAINMENT_f468_0164,California
ENTERTAINMENT_OPT_e45f_000C,ENTERTAINMENT_f468_0164,Illinois
ENTERTAINMENT_OPT_b5da_000D,ENTERTAINMENT_f468_0164,Oklahoma
ENTERTAINMENT_OPT_5c19_000A,ENTERTAINMENT_55d2_0165,"all of these"
ENTERTAINMENT_OPT_09da_000B,ENTERTAINMENT_55d2_0165,"It consisted mainly of dangerous stunts."
ENTERTAINMENT_OPT_2190_000C,ENTERTAINMENT_55d2_0165,"No animals were used."
ENTERTAINMENT_OPT_e7d2_000D,ENTERTAINMENT_55d2_0165,"It used multimedia and laser shows."
ENTERTAINMENT_OPT_f335_000A,ENTERTAINMENT_0c5b_0166,coiffeur
ENTERTAINMENT_OPT_7924_000B,ENTERTAINMENT_0c5b_0166,contortionist
ENTERTAINMENT_OPT_b589_000C,ENTERTAINMENT_0c5b_0166,chapeaugrapher
ENTERTAINMENT_OPT_9b2c_000D,ENTERTAINMENT_0c5b_0166,ringmaster
ENTERTAINMENT_OPT_a24e_000A,ENTERTAINMENT_15e8_0167,"Cirque du Soleil"
ENTERTAINMENT_OPT_8902_000B,ENTERTAINMENT_15e8_0167,"Circus Smirkus"
ENTERTAINMENT_OPT_3bfc_000C,ENTERTAINMENT_15e8_0167,"Circus Amok"
ENTERTAINMENT_OPT_7335_000D,ENTERTAINMENT_15e8_0167,Archaos
ENTERTAINMENT_OPT_a364_000A,ENTERTAINMENT_c4f6_0168,"Monty Python"
ENTERTAINMENT_OPT_1673_000B,ENTERTAINMENT_c4f6_0168,"Guy Lalibert√©"
ENTERTAINMENT_OPT_39d7_000C,ENTERTAINMENT_c4f6_0168,"Daniel Gauthier"
ENTERTAINMENT_OPT_4a9b_000D,ENTERTAINMENT_c4f6_0168,"Jules Leotard"
ENTERTAINMENT_OPT_bde3_000A,ENTERTAINMENT_b15e_0169,"Shrine Circus"
ENTERTAINMENT_OPT_bda9_000B,ENTERTAINMENT_b15e_0169,"Cirque dhiver"
ENTERTAINMENT_OPT_b44f_000C,ENTERTAINMENT_b15e_0169,"The Bertram Mills Circus"
ENTERTAINMENT_OPT_a4ab_000D,ENTERTAINMENT_b15e_0169,"The Hagenbeck-Wallace Circus"
ENTERTAINMENT_OPT_be83_000A,ENTERTAINMENT_1386_0170,Forepaugh
ENTERTAINMENT_OPT_9f6d_000B,ENTERTAINMENT_1386_0170,Ashton
ENTERTAINMENT_OPT_700d_000C,ENTERTAINMENT_1386_0170,Chipperfield
ENTERTAINMENT_OPT_4979_000D,ENTERTAINMENT_1386_0170,Barnum
ENTERTAINMENT_OPT_4017_000A,ENTERTAINMENT_5719_0171,"Silvers Circus"
ENTERTAINMENT_OPT_b372_000B,ENTERTAINMENT_5719_0171,"Albert  Friends Instant Circus"
ENTERTAINMENT_OPT_8298_000C,ENTERTAINMENT_5719_0171,"The Bindlestiff Family Cirkus"
ENTERTAINMENT_OPT_e42d_000D,ENTERTAINMENT_5719_0171,"Chipperfields Circus"
ENTERTAINMENT_OPT_b2b0_000A,ENTERTAINMENT_fab0_0172,"Randy Orton"
ENTERTAINMENT_OPT_c47d_000B,ENTERTAINMENT_fab0_0172,HHH
ENTERTAINMENT_OPT_d98a_000C,ENTERTAINMENT_fab0_0172,Umaga
ENTERTAINMENT_OPT_4ca0_000D,ENTERTAINMENT_fab0_0172,"Mr. Kennedy"
ENTERTAINMENT_OPT_981b_000A,ENTERTAINMENT_5737_0173,False
ENTERTAINMENT_OPT_2760_000B,ENTERTAINMENT_5737_0173,True
ENTERTAINMENT_OPT_1e43_000A,ENTERTAINMENT_efdd_0174,"Stacy Keibler"
ENTERTAINMENT_OPT_1c3a_000B,ENTERTAINMENT_efdd_0174,"Trish Stratus"
ENTERTAINMENT_OPT_6a77_000C,ENTERTAINMENT_efdd_0174,Ashley
ENTERTAINMENT_OPT_1eae_000D,ENTERTAINMENT_efdd_0174,Lita
ENTERTAINMENT_OPT_92ba_000A,ENTERTAINMENT_58a0_0175,True
ENTERTAINMENT_OPT_ddc4_000B,ENTERTAINMENT_58a0_0175,False
ENTERTAINMENT_OPT_c090_000A,ENTERTAINMENT_3961_0176,Yes
ENTERTAINMENT_OPT_4417_000B,ENTERTAINMENT_3961_0176,No
ENTERTAINMENT_OPT_e2da_000A,ENTERTAINMENT_2f4b_0177,"John Cena"
ENTERTAINMENT_OPT_9277_000B,ENTERTAINMENT_2f4b_0177,"John Morrison"
ENTERTAINMENT_OPT_bda1_000C,ENTERTAINMENT_2f4b_0177,Edge
ENTERTAINMENT_OPT_7caa_000D,ENTERTAINMENT_2f4b_0177,Batista
ENTERTAINMENT_OPT_781d_000A,ENTERTAINMENT_ea20_0178,"March 17 2008"
ENTERTAINMENT_OPT_f721_000B,ENTERTAINMENT_ea20_0178,"February 27, 2008"
ENTERTAINMENT_OPT_6c55_000C,ENTERTAINMENT_ea20_0178,"March 24 2008"
ENTERTAINMENT_OPT_2763_000D,ENTERTAINMENT_ea20_0178,"March 31 2008"
ENTERTAINMENT_OPT_e1a1_000A,ENTERTAINMENT_c71a_0179,False
ENTERTAINMENT_OPT_c182_000B,ENTERTAINMENT_c71a_0179,True
ENTERTAINMENT_OPT_65c3_000A,ENTERTAINMENT_9503_0180,False
ENTERTAINMENT_OPT_1c31_000B,ENTERTAINMENT_9503_0180,True
ENTERTAINMENT_OPT_5eff_000A,ENTERTAINMENT_c043_0181,True
ENTERTAINMENT_OPT_a7d4_000B,ENTERTAINMENT_c043_0181,False
ENTERTAINMENT_OPT_6a5e_000A,ENTERTAINMENT_a798_0182,True
ENTERTAINMENT_OPT_7cdf_000B,ENTERTAINMENT_a798_0182,False
ENTERTAINMENT_OPT_d46a_000A,ENTERTAINMENT_4d50_0183,False
ENTERTAINMENT_OPT_8f84_000B,ENTERTAINMENT_4d50_0183,True
ENTERTAINMENT_OPT_5751_000A,ENTERTAINMENT_38b3_0184,WAVA
ENTERTAINMENT_OPT_8a53_000B,ENTERTAINMENT_38b3_0184,NPR
ENTERTAINMENT_OPT_44fe_000C,ENTERTAINMENT_38b3_0184,WTOP
ENTERTAINMENT_OPT_8b0f_000D,ENTERTAINMENT_38b3_0184,WJFK
ENTERTAINMENT_OPT_0e7e_000A,ENTERTAINMENT_700b_0185,"John Auville"
ENTERTAINMENT_OPT_b225_000B,ENTERTAINMENT_700b_0185,"Eric Bickel"
ENTERTAINMENT_OPT_6a03_000C,ENTERTAINMENT_700b_0185,"JP Flaim"
ENTERTAINMENT_OPT_f0c8_000D,ENTERTAINMENT_700b_0185,"Bruce The Hugger"
ENTERTAINMENT_OPT_6541_000A,ENTERTAINMENT_7981_0186,False
ENTERTAINMENT_OPT_c058_000B,ENTERTAINMENT_7981_0186,True
ENTERTAINMENT_OPT_9689_000A,ENTERTAINMENT_4938_0187,"the devil inside"
ENTERTAINMENT_OPT_492c_000B,ENTERTAINMENT_4938_0187,escapade
ENTERTAINMENT_OPT_737a_000C,ENTERTAINMENT_4938_0187,barracuda
ENTERTAINMENT_OPT_c78a_000D,ENTERTAINMENT_4938_0187,sturching
ENTERTAINMENT_OPT_6d57_000A,ENTERTAINMENT_8fdb_0188,False
ENTERTAINMENT_OPT_c2b9_000B,ENTERTAINMENT_8fdb_0188,True
ENTERTAINMENT_OPT_698a_000A,ENTERTAINMENT_659c_0189,JP
ENTERTAINMENT_OPT_274b_000B,ENTERTAINMENT_659c_0189,EB
ENTERTAINMENT_OPT_a38b_000C,ENTERTAINMENT_659c_0189,Lurch
ENTERTAINMENT_OPT_4ac6_000D,ENTERTAINMENT_659c_0189,Cakes
ENTERTAINMENT_OPT_98aa_000A,ENTERTAINMENT_fc57_0190,True
ENTERTAINMENT_OPT_58ab_000B,ENTERTAINMENT_fc57_0190,False
ENTERTAINMENT_OPT_a2f0_000A,ENTERTAINMENT_6d42_0191,"Revolution Six Flags Magic Mountain"
ENTERTAINMENT_OPT_e7ec_000B,ENTERTAINMENT_6d42_0191,"Storm Runner Hershey Park"
ENTERTAINMENT_OPT_eba9_000C,ENTERTAINMENT_6d42_0191,"Matterhorn Bobsleds, Disneyland"
ENTERTAINMENT_OPT_7b48_000D,ENTERTAINMENT_6d42_0191,"Corkscrew Knotts Berry Farm"
ENTERTAINMENT_OPT_beb9_000A,ENTERTAINMENT_1bb2_0192,"Kings Dominion Doswell, Virginia, USA"
ENTERTAINMENT_OPT_6f71_000B,ENTERTAINMENT_1bb2_0192,"Canadas Wonderland Vaughan, Ontario, Canada"
ENTERTAINMENT_OPT_cf10_000C,ENTERTAINMENT_1bb2_0192,"Cedar Point Sandusky, Ohio, USA"
ENTERTAINMENT_OPT_f580_000D,ENTERTAINMENT_1bb2_0192,"Six Flags Magic Mountain Valencia, California, USA"
ENTERTAINMENT_OPT_cc6f_000A,ENTERTAINMENT_89e8_0193,"Corkscrew, Knotts Berry Farm, Buena Park, California."
ENTERTAINMENT_OPT_4bb5_000B,ENTERTAINMENT_89e8_0193,"Centrifugal Railway, Frascati Garden, Paris"
ENTERTAINMENT_OPT_646b_000C,ENTERTAINMENT_89e8_0193,"Carolina Cyclone, Carowinds, North Carolina"
ENTERTAINMENT_OPT_ad49_000D,ENTERTAINMENT_89e8_0193,"Revolution, Six Flags Magic Mountain, Valencia, California"
ENTERTAINMENT_OPT_db4f_000A,ENTERTAINMENT_8650_0194,"Cyclone, Revere Beach, Revere, Massachusetts, United States"
ENTERTAINMENT_OPT_c9a5_000B,ENTERTAINMENT_8650_0194,"Drop-The-Dips, Coney Island"
ENTERTAINMENT_OPT_3d39_000C,ENTERTAINMENT_8650_0194,"Centrifugal Railway, Frascati Garden, Paris"
ENTERTAINMENT_OPT_ecf4_000D,ENTERTAINMENT_8650_0194,"Gravity Pleasure, Coney Island, Brooklyn, New York"
ENTERTAINMENT_OPT_1415_000A,ENTERTAINMENT_20de_0195,True
ENTERTAINMENT_OPT_9e08_000B,ENTERTAINMENT_20de_0195,False
ENTERTAINMENT_OPT_611b_000A,ENTERTAINMENT_b1dc_0196,"Shockwave, Six Flags Great America, Gurnee, Illinois, United  states"
ENTERTAINMENT_OPT_1fc2_000B,ENTERTAINMENT_b1dc_0196,"Dragon Khan, Port Aventura, Salou, Spain"
ENTERTAINMENT_OPT_fc6b_000C,ENTERTAINMENT_b1dc_0196,"Revolution, Six Flags Magic Mountain, Valencia, California"
ENTERTAINMENT_OPT_9256_000D,ENTERTAINMENT_b1dc_0196,"Corkscrew, Knotts Berry Farm, Buena Park, California"
ENTERTAINMENT_OPT_45d9_000A,ENTERTAINMENT_bd38_0197,"IB Crow"
ENTERTAINMENT_OPT_3b00_000B,ENTERTAINMENT_bd38_0197,"Beach Bird"
ENTERTAINMENT_OPT_8b76_000C,ENTERTAINMENT_bd38_0197,"Indiana Jones"
ENTERTAINMENT_OPT_ad41_000D,ENTERTAINMENT_bd38_0197,"Hoosier Hawk"
ENTERTAINMENT_OPT_dab7_000A,ENTERTAINMENT_437c_0198,"Cornball Express"
ENTERTAINMENT_OPT_6d6e_000B,ENTERTAINMENT_437c_0198,Tigrr
ENTERTAINMENT_OPT_b77f_000C,ENTERTAINMENT_437c_0198,Galaxy
ENTERTAINMENT_OPT_5377_000D,ENTERTAINMENT_437c_0198,"Steel Hawg"
ENTERTAINMENT_OPT_26b2_000A,ENTERTAINMENT_5c7b_0199,True
ENTERTAINMENT_OPT_ae19_000B,ENTERTAINMENT_5c7b_0199,False
ENTERTAINMENT_OPT_ca56_000A,ENTERTAINMENT_46b9_0200,Cottages
ENTERTAINMENT_OPT_c241_000B,ENTERTAINMENT_46b9_0200,Time-shares
ENTERTAINMENT_OPT_2bb7_000C,ENTERTAINMENT_46b9_0200,Camping
ENTERTAINMENT_OPT_b68d_000D,ENTERTAINMENT_46b9_0200,Motel
ENTERTAINMENT_OPT_3812_000A,ENTERTAINMENT_b370_0201,1996
ENTERTAINMENT_OPT_2130_000B,ENTERTAINMENT_b370_0201,1929
ENTERTAINMENT_OPT_3810_000C,ENTERTAINMENT_b370_0201,1955
ENTERTAINMENT_OPT_5a83_000D,ENTERTAINMENT_b370_0201,1926
ENTERTAINMENT_OPT_5cd9_000A,ENTERTAINMENT_f0b8_0202,"Fine dining restaurant"
ENTERTAINMENT_OPT_b45d_000B,ENTERTAINMENT_f0b8_0202,"Mini golf course"
ENTERTAINMENT_OPT_fc15_000C,ENTERTAINMENT_f0b8_0202,"Antique auto"
ENTERTAINMENT_OPT_b456_000D,ENTERTAINMENT_f0b8_0202,"River boat"
ENTERTAINMENT_OPT_369f_000A,ENTERTAINMENT_fd2e_0203,"A beach in the middle of nowhere"
ENTERTAINMENT_OPT_b78f_000B,ENTERTAINMENT_fd2e_0203,"A beach in the middle of a corn field"
ENTERTAINMENT_OPT_fb32_000C,ENTERTAINMENT_fd2e_0203,"Come and walk on the boardwalk!"
ENTERTAINMENT_OPT_c565_000D,ENTERTAINMENT_fd2e_0203,"Theres more than corn in Indiana."
ENTERTAINMENT_OPT_d12d_000A,ENTERTAINMENT_2757_0204,True
ENTERTAINMENT_OPT_e0c5_000B,ENTERTAINMENT_2757_0204,False
ENTERTAINMENT_OPT_6299_000A,ENTERTAINMENT_1000_0205,"a house of mirrors"
ENTERTAINMENT_OPT_7e7f_000B,ENTERTAINMENT_1000_0205,"a petting zoo"
ENTERTAINMENT_OPT_f2e5_000C,ENTERTAINMENT_1000_0205,"a haunted house"
ENTERTAINMENT_OPT_1964_000D,ENTERTAINMENT_1000_0205,"a funhouse"
ENTERTAINMENT_OPT_5028_000A,ENTERTAINMENT_54da_0206,Guido
ENTERTAINMENT_OPT_2f17_000B,ENTERTAINMENT_54da_0206,"None of these, nobody knows his first name"
ENTERTAINMENT_OPT_c321_000C,ENTERTAINMENT_54da_0206,Joseph
ENTERTAINMENT_OPT_2ad2_000D,ENTERTAINMENT_54da_0206,Johnathan
ENTERTAINMENT_OPT_1d15_000A,ENTERTAINMENT_d92c_0207,True
ENTERTAINMENT_OPT_6d7e_000B,ENTERTAINMENT_d92c_0207,False
ENTERTAINMENT_OPT_b31b_000A,ENTERTAINMENT_211f_0208,True
ENTERTAINMENT_OPT_472a_000B,ENTERTAINMENT_211f_0208,False
ENTERTAINMENT_OPT_41de_000A,ENTERTAINMENT_9010_0209,"West coast USA"
ENTERTAINMENT_OPT_ff85_000B,ENTERTAINMENT_9010_0209,"East coast USA"
ENTERTAINMENT_OPT_e509_000C,ENTERTAINMENT_9010_0209,Australia
ENTERTAINMENT_OPT_57b0_000D,ENTERTAINMENT_9010_0209,"The British Isles"
ENTERTAINMENT_OPT_4469_000A,ENTERTAINMENT_bbfd_0210,"Thank Grudd its Friday!"
ENTERTAINMENT_OPT_23f7_000B,ENTERTAINMENT_bbfd_0210,"Shop smart, shop S-Mart!"
ENTERTAINMENT_OPT_8cf9_000C,ENTERTAINMENT_bbfd_0210,"I am the law!"
ENTERTAINMENT_OPT_18e2_000D,ENTERTAINMENT_bbfd_0210,"Respect my authority!"
ENTERTAINMENT_OPT_8c31_000A,ENTERTAINMENT_fd42_0211,Nico
ENTERTAINMENT_OPT_ba9a_000B,ENTERTAINMENT_fd42_0211,Tubbs
ENTERTAINMENT_OPT_5814_000C,ENTERTAINMENT_fd42_0211,Rico
ENTERTAINMENT_OPT_133a_000D,ENTERTAINMENT_fd42_0211,Tibbs
ENTERTAINMENT_OPT_214c_000A,ENTERTAINMENT_11a4_0212,False
ENTERTAINMENT_OPT_0055_000B,ENTERTAINMENT_11a4_0212,True
ENTERTAINMENT_OPT_3c84_000A,ENTERTAINMENT_80db_0213,"Lobo from Omega Men comics"
ENTERTAINMENT_OPT_73c0_000B,ENTERTAINMENT_80db_0213,"Predators from Predator films"
ENTERTAINMENT_OPT_bc32_000C,ENTERTAINMENT_80db_0213,"Daleks from the TV series Dr Who"
ENTERTAINMENT_OPT_bb3c_000D,ENTERTAINMENT_80db_0213,"Xenomorphs from the Alien films"
ENTERTAINMENT_OPT_4664_000A,ENTERTAINMENT_09b4_0214,"Arnold Schwarzenegger"
ENTERTAINMENT_OPT_f6b1_000B,ENTERTAINMENT_09b4_0214,"Lou Ferrigno"
ENTERTAINMENT_OPT_a345_000C,ENTERTAINMENT_09b4_0214,"The Rock"
ENTERTAINMENT_OPT_6036_000D,ENTERTAINMENT_09b4_0214,"Sylvester Stallone"
ENTERTAINMENT_OPT_b2d9_000A,ENTERTAINMENT_5ba1_0215,"The Joker"
ENTERTAINMENT_OPT_3701_000B,ENTERTAINMENT_5ba1_0215,Bane
ENTERTAINMENT_OPT_e78a_000C,ENTERTAINMENT_5ba1_0215,Two-Face
ENTERTAINMENT_OPT_b051_000D,ENTERTAINMENT_5ba1_0215,"Jack Napier"
ENTERTAINMENT_OPT_c30f_000A,ENTERTAINMENT_aa8b_0216,False
ENTERTAINMENT_OPT_4719_000B,ENTERTAINMENT_aa8b_0216,True
ENTERTAINMENT_OPT_3aed_000A,ENTERTAINMENT_2c2f_0217,"The Man Who Laughs"
ENTERTAINMENT_OPT_9c5f_000B,ENTERTAINMENT_2c2f_0217,"Detective Comics #168"
ENTERTAINMENT_OPT_9ef2_000C,ENTERTAINMENT_2c2f_0217,"Detective Comics #34"
ENTERTAINMENT_OPT_ab79_000D,ENTERTAINMENT_2c2f_0217,Batman#1
ENTERTAINMENT_OPT_8c35_000A,ENTERTAINMENT_6ac1_0218,"He can hover about three inches off the ground."
ENTERTAINMENT_OPT_ce10_000B,ENTERTAINMENT_6ac1_0218,"He can make a black dot appear on walls."
ENTERTAINMENT_OPT_cf94_000C,ENTERTAINMENT_6ac1_0218,"He can mentally open Cold Ones."
ENTERTAINMENT_OPT_a917_000D,ENTERTAINMENT_6ac1_0218,"He can change the color of his mask at any time."
ENTERTAINMENT_OPT_e6da_000A,ENTERTAINMENT_060d_0219,"universal make-out helper for hot girls"
ENTERTAINMENT_OPT_f7b8_000B,ENTERTAINMENT_060d_0219,"2nd 2nd assistant space whale scrubber"
ENTERTAINMENT_OPT_0330_000C,ENTERTAINMENT_060d_0219,"death-defying juggling trapeze artist"
ENTERTAINMENT_OPT_47c8_000D,ENTERTAINMENT_060d_0219,"supreme ultralord of the international gazebo"
ENTERTAINMENT_OPT_d8d6_000A,ENTERTAINMENT_b525_0220,"The Deleteheads"
ENTERTAINMENT_OPT_6b61_000B,ENTERTAINMENT_b525_0220,"The Trogdorians"
ENTERTAINMENT_OPT_5d38_000C,ENTERTAINMENT_b525_0220,"The Geddup Noise"
ENTERTAINMENT_OPT_68e1_000D,ENTERTAINMENT_b525_0220,"The Lucho Libres"
ENTERTAINMENT_OPT_87c1_000A,ENTERTAINMENT_9eca_0221,Cheek
ENTERTAINMENT_OPT_f129_000B,ENTERTAINMENT_9eca_0221,Chekt
ENTERTAINMENT_OPT_893f_000C,ENTERTAINMENT_9eca_0221,Chort
ENTERTAINMENT_OPT_1f99_000D,ENTERTAINMENT_9eca_0221,Chemp
ENTERTAINMENT_OPT_cd73_000A,ENTERTAINMENT_c760_0222,Sterrance
ENTERTAINMENT_OPT_068c_000B,ENTERTAINMENT_c760_0222,"Da Huuuuuudge"
ENTERTAINMENT_OPT_87b9_000C,ENTERTAINMENT_c760_0222,"Deep Sea Fangly Fish"
ENTERTAINMENT_OPT_0a66_000D,ENTERTAINMENT_c760_0222,"La Mongo"
ENTERTAINMENT_OPT_d4d6_000A,ENTERTAINMENT_54f1_0223,False
ENTERTAINMENT_OPT_4d96_000B,ENTERTAINMENT_54f1_0223,True
ENTERTAINMENT_OPT_c8a8_000A,ENTERTAINMENT_8e7a_0224,True
ENTERTAINMENT_OPT_32d5_000B,ENTERTAINMENT_8e7a_0224,False
ENTERTAINMENT_OPT_32f6_000A,ENTERTAINMENT_5360_0225,"Cool Hand Luke"
ENTERTAINMENT_OPT_7de0_000B,ENTERTAINMENT_5360_0225,"For a Fistful of Dollars"
ENTERTAINMENT_OPT_4a77_000C,ENTERTAINMENT_5360_0225,"Metal Man"
ENTERTAINMENT_OPT_5975_000D,ENTERTAINMENT_5360_0225,"Dirty Sanchez"
ENTERTAINMENT_OPT_b6ca_000A,ENTERTAINMENT_139d_0226,"A stuffed leopard"
ENTERTAINMENT_OPT_f040_000B,ENTERTAINMENT_139d_0226,"A boy"
ENTERTAINMENT_OPT_cde5_000C,ENTERTAINMENT_139d_0226,"A stuffed tiger"
ENTERTAINMENT_OPT_393a_000D,ENTERTAINMENT_139d_0226,"A beagle"
ENTERTAINMENT_OPT_13cd_000A,ENTERTAINMENT_320e_0227,Mammals
ENTERTAINMENT_OPT_d5dd_000B,ENTERTAINMENT_320e_0227,Plants
ENTERTAINMENT_OPT_1a7d_000C,ENTERTAINMENT_320e_0227,Space
ENTERTAINMENT_OPT_9690_000D,ENTERTAINMENT_320e_0227,Dinosaurs
ENTERTAINMENT_OPT_7dc3_000A,ENTERTAINMENT_8c91_0228,True
ENTERTAINMENT_OPT_01d6_000B,ENTERTAINMENT_8c91_0228,False
ENTERTAINMENT_OPT_9cb7_000A,ENTERTAINMENT_6996_0229,"Mr. America"
ENTERTAINMENT_OPT_2819_000B,ENTERTAINMENT_6996_0229,"Sterling Golden"
ENTERTAINMENT_OPT_92ac_000C,ENTERTAINMENT_6996_0229,"The Super Destroyer"
ENTERTAINMENT_OPT_41d3_000D,ENTERTAINMENT_6996_0229,"The Bronze Bomb"
ENTERTAINMENT_OPT_9caa_000A,ENTERTAINMENT_64d8_0230,"Marvel Comics"
ENTERTAINMENT_OPT_9d54_000B,ENTERTAINMENT_64d8_0230,"Hulk Hogan"
ENTERTAINMENT_OPT_9aaf_000C,ENTERTAINMENT_64d8_0230,"Vince McMahon"
ENTERTAINMENT_OPT_9e7c_000D,ENTERTAINMENT_64d8_0230,"Hiro Matsuda"
ENTERTAINMENT_OPT_4834_000A,ENTERTAINMENT_0156_0231,2003
ENTERTAINMENT_OPT_d93a_000B,ENTERTAINMENT_0156_0231,2000
ENTERTAINMENT_OPT_52bd_000C,ENTERTAINMENT_0156_0231,2005
ENTERTAINMENT_OPT_3024_000D,ENTERTAINMENT_0156_0231,1999
ENTERTAINMENT_OPT_3ea1_000A,ENTERTAINMENT_e7b6_0232,True
ENTERTAINMENT_OPT_52b9_000B,ENTERTAINMENT_e7b6_0232,False
ENTERTAINMENT_OPT_cb50_000A,ENTERTAINMENT_6476_0233,Jessica
ENTERTAINMENT_OPT_d5d8_000B,ENTERTAINMENT_6476_0233,Ruth
ENTERTAINMENT_OPT_1156_000C,ENTERTAINMENT_6476_0233,Brooke
ENTERTAINMENT_OPT_769b_000D,ENTERTAINMENT_6476_0233,Linda
ENTERTAINMENT_OPT_b198_000A,ENTERTAINMENT_699a_0234,False
ENTERTAINMENT_OPT_390b_000B,ENTERTAINMENT_699a_0234,True
ENTERTAINMENT_OPT_f10f_000A,ENTERTAINMENT_3383_0235,1980
ENTERTAINMENT_OPT_ec4a_000B,ENTERTAINMENT_3383_0235,1983
ENTERTAINMENT_OPT_fb5a_000C,ENTERTAINMENT_3383_0235,1977
ENTERTAINMENT_OPT_2cb6_000D,ENTERTAINMENT_3383_0235,1979
ENTERTAINMENT_OPT_f5b5_000A,ENTERTAINMENT_74f3_0236,"Christopher Lloyd"
ENTERTAINMENT_OPT_f812_000B,ENTERTAINMENT_74f3_0236,"John Ritter"
ENTERTAINMENT_OPT_21e4_000C,ENTERTAINMENT_74f3_0236,"Sherman Hemsley"
ENTERTAINMENT_OPT_ac92_000D,ENTERTAINMENT_74f3_0236,"Ed Begley Jr."
ENTERTAINMENT_OPT_fde6_000A,ENTERTAINMENT_dde7_0237,Rocky
ENTERTAINMENT_OPT_bb88_000B,ENTERTAINMENT_dde7_0237,"Rocky III"
ENTERTAINMENT_OPT_999c_000C,ENTERTAINMENT_dde7_0237,"Rocky IV"
ENTERTAINMENT_OPT_3aa1_000D,ENTERTAINMENT_dde7_0237,"Rocky II"
ENTERTAINMENT_OPT_964c_000A,ENTERTAINMENT_393a_0238,"Grim Fandango"
ENTERTAINMENT_OPT_4503_000B,ENTERTAINMENT_393a_0238,"Escape from Monkey Island"
ENTERTAINMENT_OPT_4a69_000C,ENTERTAINMENT_393a_0238,"Monkey Island 2: LeChucks Revenge"
ENTERTAINMENT_OPT_333e_000D,ENTERTAINMENT_393a_0238,"Simon the Sorcerer 3D"
ENTERTAINMENT_OPT_d267_000A,ENTERTAINMENT_d852_0239,"Medal of Honor"
ENTERTAINMENT_OPT_403e_000B,ENTERTAINMENT_d852_0239,"Hidden and Dangerous 2"
ENTERTAINMENT_OPT_1c21_000C,ENTERTAINMENT_d852_0239,"Battlefield 1942"
ENTERTAINMENT_OPT_4228_000D,ENTERTAINMENT_d852_0239,"Call of Duty"
ENTERTAINMENT_OPT_d3b3_000A,ENTERTAINMENT_70b3_0240,"Dance queen"
ENTERTAINMENT_OPT_e0a2_000B,ENTERTAINMENT_70b3_0240,"Pretty woman"
ENTERTAINMENT_OPT_e777_000C,ENTERTAINMENT_70b3_0240,"Mississippi queen"
ENTERTAINMENT_OPT_f5e1_000D,ENTERTAINMENT_70b3_0240,"Gorgeous lady"
ENTERTAINMENT_OPT_a07b_000A,ENTERTAINMENT_d8c2_0241,1931
ENTERTAINMENT_OPT_de3d_000B,ENTERTAINMENT_d8c2_0241,1921
ENTERTAINMENT_OPT_f7d2_000C,ENTERTAINMENT_d8c2_0241,1935
ENTERTAINMENT_OPT_83ec_000D,ENTERTAINMENT_d8c2_0241,1928
ENTERTAINMENT_OPT_f64f_000A,ENTERTAINMENT_89ef_0242,"William Kelly"
ENTERTAINMENT_OPT_3238_000B,ENTERTAINMENT_89ef_0242,"Red Skelton"
ENTERTAINMENT_OPT_41a1_000C,ENTERTAINMENT_89ef_0242,"Emmett Kelly Jr."
ENTERTAINMENT_OPT_0755_000D,ENTERTAINMENT_89ef_0242,"Red Kelly"
ENTERTAINMENT_OPT_d574_000A,ENTERTAINMENT_71bb_0243,False
ENTERTAINMENT_OPT_6571_000B,ENTERTAINMENT_71bb_0243,True
ENTERTAINMENT_OPT_09a2_000A,ENTERTAINMENT_efe3_0244,False
ENTERTAINMENT_OPT_a9ae_000B,ENTERTAINMENT_efe3_0244,True
ENTERTAINMENT_OPT_19e1_000A,ENTERTAINMENT_3fdd_0245,"Los Angeles Dodgers"
ENTERTAINMENT_OPT_c2fd_000B,ENTERTAINMENT_3fdd_0245,"Brooklyn Dodgers"
ENTERTAINMENT_OPT_bbd4_000C,ENTERTAINMENT_3fdd_0245,"Kansas City Royals"
ENTERTAINMENT_OPT_7bca_000D,ENTERTAINMENT_3fdd_0245,"New York Mets"
ENTERTAINMENT_OPT_30c1_000A,ENTERTAINMENT_43b8_0246,True
ENTERTAINMENT_OPT_3f67_000B,ENTERTAINMENT_43b8_0246,False
ENTERTAINMENT_OPT_91fa_000A,ENTERTAINMENT_53ee_0247,False
ENTERTAINMENT_OPT_0f1f_000B,ENTERTAINMENT_53ee_0247,True
ENTERTAINMENT_OPT_11b7_000A,ENTERTAINMENT_3475_0248,Iowa
ENTERTAINMENT_OPT_7d1b_000B,ENTERTAINMENT_3475_0248,Kansas
ENTERTAINMENT_OPT_07f3_000C,ENTERTAINMENT_3475_0248,Nevada
ENTERTAINMENT_OPT_9d64_000D,ENTERTAINMENT_3475_0248,Nebraska
ENTERTAINMENT_OPT_8c78_000A,ENTERTAINMENT_b152_0249,False
ENTERTAINMENT_OPT_9756_000B,ENTERTAINMENT_b152_0249,True
ENTERTAINMENT_OPT_c969_000A,ENTERTAINMENT_0913_0250,50
ENTERTAINMENT_OPT_1d7d_000B,ENTERTAINMENT_0913_0250,52
ENTERTAINMENT_OPT_6529_000C,ENTERTAINMENT_0913_0250,40
ENTERTAINMENT_OPT_c0a2_000D,ENTERTAINMENT_0913_0250,51
ENTERTAINMENT_OPT_4074_000A,ENTERTAINMENT_e0a0_0251,2
ENTERTAINMENT_OPT_c9db_000B,ENTERTAINMENT_e0a0_0251,4
ENTERTAINMENT_OPT_2535_000C,ENTERTAINMENT_e0a0_0251,1
ENTERTAINMENT_OPT_c48b_000D,ENTERTAINMENT_e0a0_0251,"She is Miss America for the rest of her life."
ENTERTAINMENT_OPT_3f21_000A,ENTERTAINMENT_9448_0252,"Las Vegas, Nevada"
ENTERTAINMENT_OPT_d201_000B,ENTERTAINMENT_9448_0252,"Miami, Florida"
ENTERTAINMENT_OPT_aa5a_000C,ENTERTAINMENT_9448_0252,"St. Louis, Missouri"
ENTERTAINMENT_OPT_2676_000D,ENTERTAINMENT_9448_0252,"Atlantic City, New Jersey"
ENTERTAINMENT_OPT_d7a7_000A,ENTERTAINMENT_f107_0253,"Medical insurance for women in the United States"
ENTERTAINMENT_OPT_b525_000B,ENTERTAINMENT_f107_0253,"Battered women shelters"
ENTERTAINMENT_OPT_cb07_000C,ENTERTAINMENT_f107_0253,"Job opportunities for women in the United States"
ENTERTAINMENT_OPT_8f49_000D,ENTERTAINMENT_f107_0253,"Scholarships for women in the United States"
ENTERTAINMENT_OPT_9c46_000A,ENTERTAINMENT_e5db_0254,"Cheer leading and speech"
ENTERTAINMENT_OPT_1563_000B,ENTERTAINMENT_e5db_0254,"Piano and tap dancing"
ENTERTAINMENT_OPT_27ba_000C,ENTERTAINMENT_e5db_0254,"Acting and juggling"
ENTERTAINMENT_OPT_a82c_000D,ENTERTAINMENT_e5db_0254,"Singing and dancing"
ENTERTAINMENT_OPT_ed1f_000A,ENTERTAINMENT_7d08_0255,75%
ENTERTAINMENT_OPT_1054_000B,ENTERTAINMENT_7d08_0255,99%
ENTERTAINMENT_OPT_f97b_000C,ENTERTAINMENT_7d08_0255,87%
ENTERTAINMENT_OPT_59dc_000D,ENTERTAINMENT_7d08_0255,14%
ENTERTAINMENT_OPT_dbc6_000A,ENTERTAINMENT_e6eb_0256,"Phyllis McDonald"
ENTERTAINMENT_OPT_fc85_000B,ENTERTAINMENT_e6eb_0256,"Anne Washington"
ENTERTAINMENT_OPT_1975_000C,ENTERTAINMENT_e6eb_0256,"Margaret Gorman"
ENTERTAINMENT_OPT_1f76_000D,ENTERTAINMENT_e6eb_0256,"Lee Meriwether"
ENTERTAINMENT_OPT_9195_000A,ENTERTAINMENT_bb3c_0257,1980
ENTERTAINMENT_OPT_7eee_000B,ENTERTAINMENT_bb3c_0257,1952
ENTERTAINMENT_OPT_2aba_000C,ENTERTAINMENT_bb3c_0257,1926
ENTERTAINMENT_OPT_0715_000D,ENTERTAINMENT_bb3c_0257,1955
ENTERTAINMENT_OPT_ea26_000A,ENTERTAINMENT_0f70_0258,"Halle Berry"
ENTERTAINMENT_OPT_3123_000B,ENTERTAINMENT_0f70_0258,"Naomi Campbelle"
ENTERTAINMENT_OPT_9399_000C,ENTERTAINMENT_0f70_0258,"Tyra Banks"
ENTERTAINMENT_OPT_b3ea_000D,ENTERTAINMENT_0f70_0258,"Vanessa Williams"
ENTERTAINMENT_OPT_f1be_000A,ENTERTAINMENT_bc4d_0259,"It is not specified."
ENTERTAINMENT_OPT_3422_000B,ENTERTAINMENT_bc4d_0259,3
ENTERTAINMENT_OPT_96f0_000C,ENTERTAINMENT_bc4d_0259,2
ENTERTAINMENT_OPT_4067_000D,ENTERTAINMENT_bc4d_0259,1
ENTERTAINMENT_OPT_bfad_000A,ENTERTAINMENT_d50e_0260,Tessadar
ENTERTAINMENT_OPT_8c38_000B,ENTERTAINMENT_d50e_0260,Artanis
ENTERTAINMENT_OPT_b62e_000C,ENTERTAINMENT_d50e_0260,Fenix
ENTERTAINMENT_OPT_1d06_000D,ENTERTAINMENT_d50e_0260,Zeratul
ENTERTAINMENT_OPT_97dc_000A,ENTERTAINMENT_7900_0261,"Elzie C. Segar"
ENTERTAINMENT_OPT_e506_000B,ENTERTAINMENT_7900_0261,"Edgar C.  Segar"
ENTERTAINMENT_OPT_c332_000C,ENTERTAINMENT_7900_0261,"Max Flescher"
ENTERTAINMENT_OPT_2334_000D,ENTERTAINMENT_7900_0261,"Chester Gould"
ENTERTAINMENT_OPT_32e3_000A,ENTERTAINMENT_30a8_0262,False
ENTERTAINMENT_OPT_365b_000B,ENTERTAINMENT_30a8_0262,True
ENTERTAINMENT_OPT_fe05_000A,ENTERTAINMENT_6d33_0263,"Dora Paskel"
ENTERTAINMENT_OPT_1e53_000B,ENTERTAINMENT_6d33_0263,"Mae Questel"
ENTERTAINMENT_OPT_2072_000C,ENTERTAINMENT_6d33_0263,"Carol Lynnley"
ENTERTAINMENT_OPT_091e_000D,ENTERTAINMENT_6d33_0263,"Barbara London"
ENTERTAINMENT_OPT_0f58_000A,ENTERTAINMENT_d8cd_0264,"Carol Lynnley"
ENTERTAINMENT_OPT_51ea_000B,ENTERTAINMENT_d8cd_0264,"Dora Paskal"
ENTERTAINMENT_OPT_b73e_000C,ENTERTAINMENT_d8cd_0264,"Shelley Duvall"
ENTERTAINMENT_OPT_8224_000D,ENTERTAINMENT_d8cd_0264,"Mae Questel"
ENTERTAINMENT_OPT_6f9e_000A,ENTERTAINMENT_acea_0265,"Olive Oyl for President"
ENTERTAINMENT_OPT_6fe1_000B,ENTERTAINMENT_acea_0265,"Popyes Romance"
ENTERTAINMENT_OPT_a503_000C,ENTERTAINMENT_acea_0265,"Olive and Popeye"
ENTERTAINMENT_OPT_f6d7_000D,ENTERTAINMENT_acea_0265,"The Lovely Olive Oyl"
ENTERTAINMENT_OPT_2ade_000A,ENTERTAINMENT_a926_0266,"Robin Williams and  Shelley Duvall"
ENTERTAINMENT_OPT_d383_000B,ENTERTAINMENT_a926_0266,"Robin Williams and Carol Lynnely"
ENTERTAINMENT_OPT_97a3_000C,ENTERTAINMENT_a926_0266,"Robin Williams and  Lily Tomlin"
ENTERTAINMENT_OPT_7269_000D,ENTERTAINMENT_a926_0266,"Ray Walston and  Lily Tomlin"
ENTERTAINMENT_OPT_c15a_000A,ENTERTAINMENT_1154_0267,"Popeyes ward"
ENTERTAINMENT_OPT_eff4_000B,ENTERTAINMENT_1154_0267,"Olive Oyls adopted son"
ENTERTAINMENT_OPT_ec2c_000C,ENTERTAINMENT_1154_0267,"It is never revealed."
ENTERTAINMENT_OPT_d883_000D,ENTERTAINMENT_1154_0267,"Olive Oyls own baby"
ENTERTAINMENT_OPT_0a0f_000A,ENTERTAINMENT_09d4_0268,"Vega Oyl"
ENTERTAINMENT_OPT_a8c1_000B,ENTERTAINMENT_09d4_0268,"Kamon Oyl"
ENTERTAINMENT_OPT_2a74_000C,ENTERTAINMENT_09d4_0268,"Sutra Oyl"
ENTERTAINMENT_OPT_8ba8_000D,ENTERTAINMENT_09d4_0268,"Diesel Oyl"
ENTERTAINMENT_OPT_1133_000A,ENTERTAINMENT_a872_0269,Metallica
ENTERTAINMENT_OPT_78ae_000B,ENTERTAINMENT_a872_0269,Aerosmith
ENTERTAINMENT_OPT_4220_000C,ENTERTAINMENT_a872_0269,"Guns n Roses"
ENTERTAINMENT_OPT_7398_000D,ENTERTAINMENT_a872_0269,"Motley Crew"
ENTERTAINMENT_OPT_0086_000A,ENTERTAINMENT_dac6_0270,False
ENTERTAINMENT_OPT_4ce9_000B,ENTERTAINMENT_dac6_0270,True
ENTERTAINMENT_OPT_823a_000A,ENTERTAINMENT_56b5_0271,"Joe Simon  Jack Schuster"
ENTERTAINMENT_OPT_c6ca_000B,ENTERTAINMENT_56b5_0271,"Stan Lee  Jack Kirby"
ENTERTAINMENT_OPT_6c68_000C,ENTERTAINMENT_56b5_0271,"Joe Simon  Jack Kirby"
ENTERTAINMENT_OPT_9259_000D,ENTERTAINMENT_56b5_0271,"Jack Kirby  Bob Kane"
ENTERTAINMENT_OPT_51c3_000A,ENTERTAINMENT_4f51_0272,"War Comics #1"
ENTERTAINMENT_OPT_2237_000B,ENTERTAINMENT_4f51_0272,"Tales of Suspense #58"
ENTERTAINMENT_OPT_ef9f_000C,ENTERTAINMENT_4f51_0272,"Captain America Comics #1"
ENTERTAINMENT_OPT_4891_000D,ENTERTAINMENT_4f51_0272,"Whiz Comics #2,"
ENTERTAINMENT_OPT_8814_000A,ENTERTAINMENT_62a1_0273,"Miss America"
ENTERTAINMENT_OPT_b98c_000B,ENTERTAINMENT_62a1_0273,"Union Jack"
ENTERTAINMENT_OPT_bb25_000C,ENTERTAINMENT_62a1_0273,Bucky
ENTERTAINMENT_OPT_4f4b_000D,ENTERTAINMENT_62a1_0273,"Flag Boy,"
ENTERTAINMENT_OPT_c65c_000A,ENTERTAINMENT_4952_0274,"Nick Fury"
ENTERTAINMENT_OPT_18e3_000B,ENTERTAINMENT_4952_0274,"Peter Parker"
ENTERTAINMENT_OPT_5505_000C,ENTERTAINMENT_4952_0274,"Steve Rogers"
ENTERTAINMENT_OPT_f6f6_000D,ENTERTAINMENT_4952_0274,"Tony Stark"
ENTERTAINMENT_OPT_67bc_000A,ENTERTAINMENT_921f_0275,Wanderer
ENTERTAINMENT_OPT_3036_000B,ENTERTAINMENT_921f_0275,Exile
ENTERTAINMENT_OPT_0085_000C,ENTERTAINMENT_921f_0275,Nomad
ENTERTAINMENT_OPT_db46_000D,ENTERTAINMENT_921f_0275,Outsider
ENTERTAINMENT_OPT_6817_000A,ENTERTAINMENT_06c1_0276,"Fantastic Four"
ENTERTAINMENT_OPT_a5ec_000B,ENTERTAINMENT_06c1_0276,Defenders
ENTERTAINMENT_OPT_733c_000C,ENTERTAINMENT_06c1_0276,Avengers
ENTERTAINMENT_OPT_f843_000D,ENTERTAINMENT_06c1_0276,"All-Star Squadron"
ENTERTAINMENT_OPT_9994_000A,ENTERTAINMENT_0b02_0277,Viper
ENTERTAINMENT_OPT_4196_000B,ENTERTAINMENT_0b02_0277,"Red Skull"
ENTERTAINMENT_OPT_b7db_000C,ENTERTAINMENT_0b02_0277,"Baron Zemo"
ENTERTAINMENT_OPT_6f64_000D,ENTERTAINMENT_0b02_0277,"Just Nazi soldiers"
ENTERTAINMENT_OPT_7191_000A,ENTERTAINMENT_3ca3_0278,Star-shaped
ENTERTAINMENT_OPT_d2f1_000B,ENTERTAINMENT_3ca3_0278,Circular
ENTERTAINMENT_OPT_b11f_000C,ENTERTAINMENT_3ca3_0278,Badge-shaped
ENTERTAINMENT_OPT_b1f0_000D,ENTERTAINMENT_3ca3_0278,Square
ENTERTAINMENT_OPT_a6f6_000A,ENTERTAINMENT_405a_0279,"Reb Brown"
ENTERTAINMENT_OPT_0390_000B,ENTERTAINMENT_405a_0279,"Dick Purcell"
ENTERTAINMENT_OPT_91a4_000C,ENTERTAINMENT_405a_0279,"Matt Salinger"
ENTERTAINMENT_OPT_ca30_000D,ENTERTAINMENT_405a_0279,"Scott Paulin"
ENTERTAINMENT_OPT_dc39_000A,ENTERTAINMENT_96f0_0280,"The Human Torch"
ENTERTAINMENT_OPT_1721_000B,ENTERTAINMENT_96f0_0280,Spitfire
ENTERTAINMENT_OPT_d1dd_000C,ENTERTAINMENT_96f0_0280,"Miss America"
ENTERTAINMENT_OPT_bb99_000D,ENTERTAINMENT_96f0_0280,"Golden Girl"
